[
    {
        "name": "Abkhaz",
        "nativeName": "\u0430\u04a7\u0441\u0443\u0430",
        "code": "ab"
    },
    {
        "name": "Afar",
        "nativeName": "Afaraf",
        "code": "aa"
    },
    {
        "name": "Afrikaans",
        "nativeName": "Afrikaans",
        "code": "af"
    },
    {
        "name": "Akan",
        "nativeName": "Akan",
        "code": "ak"
    },
    {
        "name": "Albanian",
        "nativeName": "Shqip",
        "code": "sq"
    },
    {
        "name": "Amharic",
        "nativeName": "\u12a0\u121b\u122d\u129b",
        "code": "am"
    },
    {
        "name": "Arabic",
        "nativeName": "\u0627\u0644\u0639\u0631\u0628\u064a\u0629",
        "code": "ar"
    },
    {
        "name": "Aragonese",
        "nativeName": "Aragon\u00e9s",
        "code": "an"
    },
    {
        "name": "Armenian",
        "nativeName": "\u0540\u0561\u0575\u0565\u0580\u0565\u0576",
        "code": "hy"
    },
    {
        "name": "Assamese",
        "nativeName": "\u0985\u09b8\u09ae\u09c0\u09af\u09bc\u09be",
        "code": "as"
    },
    {
        "name": "Avaric",
        "nativeName": "\u0430\u0432\u0430\u0440 \u043c\u0430\u0446\u04c0, \u043c\u0430\u0433\u04c0\u0430\u0440\u0443\u043b \u043c\u0430\u0446\u04c0",
        "code": "av"
    },
    {
        "name": "Avestan",
        "nativeName": "avesta",
        "code": "ae"
    },
    {
        "name": "Aymara",
        "nativeName": "aymar aru",
        "code": "ay"
    },
    {
        "name": "Azerbaijani",
        "nativeName": "az\u0259rbaycan dili",
        "code": "az"
    },
    {
        "name": "Bambara",
        "nativeName": "bamanankan",
        "code": "bm"
    },
    {
        "name": "Bashkir",
        "nativeName": "\u0431\u0430\u0448\u04a1\u043e\u0440\u0442 \u0442\u0435\u043b\u0435",
        "code": "ba"
    },
    {
        "name": "Basque",
        "nativeName": "euskara, euskera",
        "code": "eu"
    },
    {
        "name": "Belarusian",
        "nativeName": "\u0411\u0435\u043b\u0430\u0440\u0443\u0441\u043a\u0430\u044f",
        "code": "be"
    },
    {
        "name": "Bengali",
        "nativeName": "\u09ac\u09be\u0982\u09b2\u09be",
        "code": "bn"
    },
    {
        "name": "Bihari",
        "nativeName": "\u092d\u094b\u091c\u092a\u0941\u0930\u0940",
        "code": "bh"
    },
    {
        "name": "Bislama",
        "nativeName": "Bislama",
        "code": "bi"
    },
    {
        "name": "Bosnian",
        "nativeName": "bosanski jezik",
        "code": "bs"
    },
    {
        "name": "Breton",
        "nativeName": "brezhoneg",
        "code": "br"
    },
    {
        "name": "Bulgarian",
        "nativeName": "\u0431\u044a\u043b\u0433\u0430\u0440\u0441\u043a\u0438 \u0435\u0437\u0438\u043a",
        "code": "bg"
    },
    {
        "name": "Burmese",
        "nativeName": "\u1017\u1019\u102c\u1005\u102c",
        "code": "my"
    },
    {
        "name": "Catalan; Valencian",
        "nativeName": "Catal\u00e0",
        "code": "ca"
    },
    {
        "name": "Chamorro",
        "nativeName": "Chamoru",
        "code": "ch"
    },
    {
        "name": "Chechen",
        "nativeName": "\u043d\u043e\u0445\u0447\u0438\u0439\u043d \u043c\u043e\u0442\u0442",
        "code": "ce"
    },
    {
        "name": "Chichewa; Chewa; Nyanja",
        "nativeName": "chiChe\u0175a, chinyanja",
        "code": "ny"
    },
    {
        "name": "Chinese",
        "nativeName": "\u4e2d\u6587 (Zh\u014dngw\u00e9n), \u6c49\u8bed, \u6f22\u8a9e",
        "code": "zh"
    },
    {
        "name": "Chuvash",
        "nativeName": "\u0447\u04d1\u0432\u0430\u0448 \u0447\u04d7\u043b\u0445\u0438",
        "code": "cv"
    },
    {
        "name": "Cornish",
        "nativeName": "Kernewek",
        "code": "kw"
    },
    {
        "name": "Corsican",
        "nativeName": "corsu, lingua corsa",
        "code": "co"
    },
    {
        "name": "Cree",
        "nativeName": "\u14c0\u1426\u1403\u152d\u140d\u140f\u1423",
        "code": "cr"
    },
    {
        "name": "Croatian",
        "nativeName": "hrvatski",
        "code": "hr"
    },
    {
        "name": "Czech",
        "nativeName": "\u010desky, \u010de\u0161tina",
        "code": "cs"
    },
    {
        "name": "Danish",
        "nativeName": "dansk",
        "code": "da"
    },
    {
        "name": "Divehi; Dhivehi; Maldivian;",
        "nativeName": "\u078b\u07a8\u0788\u07ac\u0780\u07a8",
        "code": "dv"
    },
    {
        "name": "Dutch",
        "nativeName": "Nederlands, Vlaams",
        "code": "nl"
    },
    {
        "name": "English",
        "nativeName": "English",
        "code": "en"
    },
    {
        "name": "Esperanto",
        "nativeName": "Esperanto",
        "code": "eo"
    },
    {
        "name": "Estonian",
        "nativeName": "eesti, eesti keel",
        "code": "et"
    },
    {
        "name": "Ewe",
        "nativeName": "E\u028begbe",
        "code": "ee"
    },
    {
        "name": "Faroese",
        "nativeName": "f\u00f8royskt",
        "code": "fo"
    },
    {
        "name": "Fijian",
        "nativeName": "vosa Vakaviti",
        "code": "fj"
    },
    {
        "name": "Finnish",
        "nativeName": "suomi, suomen kieli",
        "code": "fi"
    },
    {
        "name": "French",
        "nativeName": "fran\u00e7ais, langue fran\u00e7aise",
        "code": "fr"
    },
    {
        "name": "Fula; Fulah; Pulaar; Pular",
        "nativeName": "Fulfulde, Pulaar, Pular",
        "code": "ff"
    },
    {
        "name": "Galician",
        "nativeName": "Galego",
        "code": "gl"
    },
    {
        "name": "Georgian",
        "nativeName": "\u10e5\u10d0\u10e0\u10d7\u10e3\u10da\u10d8",
        "code": "ka"
    },
    {
        "name": "German",
        "nativeName": "Deutsch",
        "code": "de"
    },
    {
        "name": "Greek, Modern",
        "nativeName": "\u0395\u03bb\u03bb\u03b7\u03bd\u03b9\u03ba\u03ac",
        "code": "el"
    },
    {
        "name": "Guaran\u00ed",
        "nativeName": "Ava\u00f1e\u1ebd",
        "code": "gn"
    },
    {
        "name": "Gujarati",
        "nativeName": "\u0a97\u0ac1\u0a9c\u0ab0\u0abe\u0aa4\u0ac0",
        "code": "gu"
    },
    {
        "name": "Haitian; Haitian Creole",
        "nativeName": "Krey\u00f2l ayisyen",
        "code": "ht"
    },
    {
        "name": "Hausa",
        "nativeName": "Hausa, \u0647\u064e\u0648\u064f\u0633\u064e",
        "code": "ha"
    },
    {
        "name": "Hebrew (modern)",
        "nativeName": "\u05e2\u05d1\u05e8\u05d9\u05ea",
        "code": "he"
    },
    {
        "name": "Herero",
        "nativeName": "Otjiherero",
        "code": "hz"
    },
    {
        "name": "Hindi",
        "nativeName": "\u0939\u093f\u0928\u094d\u0926\u0940, \u0939\u093f\u0902\u0926\u0940",
        "code": "hi"
    },
    {
        "name": "Hiri Motu",
        "nativeName": "Hiri Motu",
        "code": "ho"
    },
    {
        "name": "Hungarian",
        "nativeName": "Magyar",
        "code": "hu"
    },
    {
        "name": "Interlingua",
        "nativeName": "Interlingua",
        "code": "ia"
    },
    {
        "name": "Indonesian",
        "nativeName": "Bahasa Indonesia",
        "code": "id"
    },
    {
        "name": "Interlingue",
        "nativeName": "Originally called Occidental; then Interlingue after WWII",
        "code": "ie"
    },
    {
        "name": "Irish",
        "nativeName": "Gaeilge",
        "code": "ga"
    },
    {
        "name": "Igbo",
        "nativeName": "As\u1ee5s\u1ee5 Igbo",
        "code": "ig"
    },
    {
        "name": "Inupiaq",
        "nativeName": "I\u00f1upiaq, I\u00f1upiatun",
        "code": "ik"
    },
    {
        "name": "Ido",
        "nativeName": "Ido",
        "code": "io"
    },
    {
        "name": "Icelandic",
        "nativeName": "\u00cdslenska",
        "code": "is"
    },
    {
        "name": "Italian",
        "nativeName": "Italiano",
        "code": "it"
    },
    {
        "name": "Inuktitut",
        "nativeName": "\u1403\u14c4\u1483\u144e\u1450\u1466",
        "code": "iu"
    },
    {
        "name": "Japanese",
        "nativeName": "\u65e5\u672c\u8a9e (\u306b\u307b\u3093\u3054\uff0f\u306b\u3063\u307d\u3093\u3054)",
        "code": "ja"
    },
    {
        "name": "Javanese",
        "nativeName": "basa Jawa",
        "code": "jv"
    },
    {
        "name": "Kalaallisut, Greenlandic",
        "nativeName": "kalaallisut, kalaallit oqaasii",
        "code": "kl"
    },
    {
        "name": "Kannada",
        "nativeName": "\u0c95\u0ca8\u0ccd\u0ca8\u0ca1",
        "code": "kn"
    },
    {
        "name": "Kanuri",
        "nativeName": "Kanuri",
        "code": "kr"
    },
    {
        "name": "Kashmiri",
        "nativeName": "\u0915\u0936\u094d\u092e\u0940\u0930\u0940, \u0643\u0634\u0645\u064a\u0631\u064a\u200e",
        "code": "ks"
    },
    {
        "name": "Kazakh",
        "nativeName": "\u049a\u0430\u0437\u0430\u049b \u0442\u0456\u043b\u0456",
        "code": "kk"
    },
    {
        "name": "Khmer",
        "nativeName": "\u1797\u17b6\u179f\u17b6\u1781\u17d2\u1798\u17c2\u179a",
        "code": "km"
    },
    {
        "name": "Kikuyu, Gikuyu",
        "nativeName": "G\u0129k\u0169y\u0169",
        "code": "ki"
    },
    {
        "name": "Kinyarwanda",
        "nativeName": "Ikinyarwanda",
        "code": "rw"
    },
    {
        "name": "Kirghiz, Kyrgyz",
        "nativeName": "\u043a\u044b\u0440\u0433\u044b\u0437 \u0442\u0438\u043b\u0438",
        "code": "ky"
    },
    {
        "name": "Komi",
        "nativeName": "\u043a\u043e\u043c\u0438 \u043a\u044b\u0432",
        "code": "kv"
    },
    {
        "name": "Kongo",
        "nativeName": "KiKongo",
        "code": "kg"
    },
    {
        "name": "Korean",
        "nativeName": "\ud55c\uad6d\uc5b4 (\u97d3\u570b\u8a9e), \uc870\uc120\ub9d0 (\u671d\u9bae\u8a9e)",
        "code": "ko"
    },
    {
        "name": "Kurdish",
        "nativeName": "Kurd\u00ee, \u0643\u0648\u0631\u062f\u06cc\u200e",
        "code": "ku"
    },
    {
        "name": "Kwanyama, Kuanyama",
        "nativeName": "Kuanyama",
        "code": "kj"
    },
    {
        "name": "Latin",
        "nativeName": "latine, lingua latina",
        "code": "la"
    },
    {
        "name": "Luxembourgish, Letzeburgesch",
        "nativeName": "L\u00ebtzebuergesch",
        "code": "lb"
    },
    {
        "name": "Luganda",
        "nativeName": "Luganda",
        "code": "lg"
    },
    {
        "name": "Limburgish, Limburgan, Limburger",
        "nativeName": "Limburgs",
        "code": "li"
    },
    {
        "name": "Lingala",
        "nativeName": "Ling\u00e1la",
        "code": "ln"
    },
    {
        "name": "Lao",
        "nativeName": "\u0e9e\u0eb2\u0eaa\u0eb2\u0ea5\u0eb2\u0ea7",
        "code": "lo"
    },
    {
        "name": "Lithuanian",
        "nativeName": "lietuvi\u0173 kalba",
        "code": "lt"
    },
    {
        "name": "Luba-Katanga",
        "nativeName": "",
        "code": "lu"
    },
    {
        "name": "Latvian",
        "nativeName": "latvie\u0161u valoda",
        "code": "lv"
    },
    {
        "name": "Manx",
        "nativeName": "Gaelg, Gailck",
        "code": "gv"
    },
    {
        "name": "Macedonian",
        "nativeName": "\u043c\u0430\u043a\u0435\u0434\u043e\u043d\u0441\u043a\u0438 \u0458\u0430\u0437\u0438\u043a",
        "code": "mk"
    },
    {
        "name": "Malagasy",
        "nativeName": "Malagasy fiteny",
        "code": "mg"
    },
    {
        "name": "Malay",
        "nativeName": "bahasa Melayu, \u0628\u0647\u0627\u0633 \u0645\u0644\u0627\u064a\u0648\u200e",
        "code": "ms"
    },
    {
        "name": "Malayalam",
        "nativeName": "\u0d2e\u0d32\u0d2f\u0d3e\u0d33\u0d02",
        "code": "ml"
    },
    {
        "name": "Maltese",
        "nativeName": "Malti",
        "code": "mt"
    },
    {
        "name": "M\u0101ori",
        "nativeName": "te reo M\u0101ori",
        "code": "mi"
    },
    {
        "name": "Marathi (Mar\u0101\u1e6dh\u012b)",
        "nativeName": "\u092e\u0930\u093e\u0920\u0940",
        "code": "mr"
    },
    {
        "name": "Marshallese",
        "nativeName": "Kajin M\u0327aje\u013c",
        "code": "mh"
    },
    {
        "name": "Mongolian",
        "nativeName": "\u043c\u043e\u043d\u0433\u043e\u043b",
        "code": "mn"
    },
    {
        "name": "Nauru",
        "nativeName": "Ekakair\u0169 Naoero",
        "code": "na"
    },
    {
        "name": "Navajo, Navaho",
        "nativeName": "Din\u00e9 bizaad, Din\u00e9k\u02bceh\u01f0\u00ed",
        "code": "nv"
    },
    {
        "name": "Norwegian Bokm\u00e5l",
        "nativeName": "Norsk bokm\u00e5l",
        "code": "nb"
    },
    {
        "name": "North Ndebele",
        "nativeName": "isiNdebele",
        "code": "nd"
    },
    {
        "name": "Nepali",
        "nativeName": "\u0928\u0947\u092a\u093e\u0932\u0940",
        "code": "ne"
    },
    {
        "name": "Ndonga",
        "nativeName": "Owambo",
        "code": "ng"
    },
    {
        "name": "Norwegian Nynorsk",
        "nativeName": "Norsk nynorsk",
        "code": "nn"
    },
    {
        "name": "Norwegian",
        "nativeName": "Norsk",
        "code": "no"
    },
    {
        "name": "Nuosu",
        "nativeName": "\ua188\ua320\ua4bf Nuosuhxop",
        "code": "ii"
    },
    {
        "name": "South Ndebele",
        "nativeName": "isiNdebele",
        "code": "nr"
    },
    {
        "name": "Occitan",
        "nativeName": "Occitan",
        "code": "oc"
    },
    {
        "name": "Ojibwe, Ojibwa",
        "nativeName": "\u140a\u14c2\u1511\u14c8\u142f\u14a7\u140e\u14d0",
        "code": "oj"
    },
    {
        "name": "Old Church Slavonic, Church Slavic, Church Slavonic, Old Bulgarian, Old Slavonic",
        "nativeName": "\u0469\u0437\u044b\u043a\u044a \u0441\u043b\u043e\u0432\u0463\u043d\u044c\u0441\u043a\u044a",
        "code": "cu"
    },
    {
        "name": "Oromo",
        "nativeName": "Afaan Oromoo",
        "code": "om"
    },
    {
        "name": "Oriya",
        "nativeName": "\u0b13\u0b21\u0b3c\u0b3f\u0b06",
        "code": "or"
    },
    {
        "name": "Ossetian, Ossetic",
        "nativeName": "\u0438\u0440\u043e\u043d \u00e6\u0432\u0437\u0430\u0433",
        "code": "os"
    },
    {
        "name": "Panjabi, Punjabi",
        "nativeName": "\u0a2a\u0a70\u0a1c\u0a3e\u0a2c\u0a40, \u067e\u0646\u062c\u0627\u0628\u06cc\u200e",
        "code": "pa"
    },
    {
        "name": "P\u0101li",
        "nativeName": "\u092a\u093e\u0934\u093f",
        "code": "pi"
    },
    {
        "name": "Persian",
        "nativeName": "\u0641\u0627\u0631\u0633\u06cc",
        "code": "fa"
    },
    {
        "name": "Polish",
        "nativeName": "polski",
        "code": "pl"
    },
    {
        "name": "Pashto, Pushto",
        "nativeName": "\u067e\u069a\u062a\u0648",
        "code": "ps"
    },
    {
        "name": "Portuguese",
        "nativeName": "Portugu\u00eas",
        "code": "pt"
    },
    {
        "name": "Quechua",
        "nativeName": "Runa Simi, Kichwa",
        "code": "qu"
    },
    {
        "name": "Romansh",
        "nativeName": "rumantsch grischun",
        "code": "rm"
    },
    {
        "name": "Kirundi",
        "nativeName": "kiRundi",
        "code": "rn"
    },
    {
        "name": "Romanian, Moldavian, Moldovan",
        "nativeName": "rom\u00e2n\u0103",
        "code": "ro"
    },
    {
        "name": "Russian",
        "nativeName": "\u0440\u0443\u0441\u0441\u043a\u0438\u0439 \u044f\u0437\u044b\u043a",
        "code": "ru"
    },
    {
        "name": "Sanskrit (Sa\u1e41sk\u1e5bta)",
        "nativeName": "\u0938\u0902\u0938\u094d\u0915\u0943\u0924\u092e\u094d",
        "code": "sa"
    },
    {
        "name": "Sardinian",
        "nativeName": "sardu",
        "code": "sc"
    },
    {
        "name": "Sindhi",
        "nativeName": "\u0938\u093f\u0928\u094d\u0927\u0940, \u0633\u0646\u068c\u064a\u060c \u0633\u0646\u062f\u06be\u06cc\u200e",
        "code": "sd"
    },
    {
        "name": "Northern Sami",
        "nativeName": "Davvis\u00e1megiella",
        "code": "se"
    },
    {
        "name": "Samoan",
        "nativeName": "gagana faa Samoa",
        "code": "sm"
    },
    {
        "name": "Sango",
        "nativeName": "y\u00e2ng\u00e2 t\u00ee s\u00e4ng\u00f6",
        "code": "sg"
    },
    {
        "name": "Serbian",
        "nativeName": "\u0441\u0440\u043f\u0441\u043a\u0438 \u0458\u0435\u0437\u0438\u043a",
        "code": "sr"
    },
    {
        "name": "Scottish Gaelic; Gaelic",
        "nativeName": "G\u00e0idhlig",
        "code": "gd"
    },
    {
        "name": "Shona",
        "nativeName": "chiShona",
        "code": "sn"
    },
    {
        "name": "Sinhala, Sinhalese",
        "nativeName": "\u0dc3\u0dd2\u0d82\u0dc4\u0dbd",
        "code": "si"
    },
    {
        "name": "Slovak",
        "nativeName": "sloven\u010dina",
        "code": "sk"
    },
    {
        "name": "Slovene",
        "nativeName": "sloven\u0161\u010dina",
        "code": "sl"
    },
    {
        "name": "Somali",
        "nativeName": "Soomaaliga, af Soomaali",
        "code": "so"
    },
    {
        "name": "Southern Sotho",
        "nativeName": "Sesotho",
        "code": "st"
    },
    {
        "name": "Spanish; Castilian",
        "nativeName": "espa\u00f1ol, castellano",
        "code": "es"
    },
    {
        "name": "Sundanese",
        "nativeName": "Basa Sunda",
        "code": "su"
    },
    {
        "name": "Swahili",
        "nativeName": "Kiswahili",
        "code": "sw"
    },
    {
        "name": "Swati",
        "nativeName": "SiSwati",
        "code": "ss"
    },
    {
        "name": "Swedish",
        "nativeName": "svenska",
        "code": "sv"
    },
    {
        "name": "Tamil",
        "nativeName": "\u0ba4\u0bae\u0bbf\u0bb4\u0bcd",
        "code": "ta"
    },
    {
        "name": "Telugu",
        "nativeName": "\u0c24\u0c46\u0c32\u0c41\u0c17\u0c41",
        "code": "te"
    },
    {
        "name": "Tajik",
        "nativeName": "\u0442\u043e\u04b7\u0438\u043a\u04e3, to\u011fik\u012b, \u062a\u0627\u062c\u06cc\u06a9\u06cc\u200e",
        "code": "tg"
    },
    {
        "name": "Thai",
        "nativeName": "\u0e44\u0e17\u0e22",
        "code": "th"
    },
    {
        "name": "Tigrinya",
        "nativeName": "\u1275\u130d\u122d\u129b",
        "code": "ti"
    },
    {
        "name": "Tibetan Standard, Tibetan, Central",
        "nativeName": "\u0f56\u0f7c\u0f51\u0f0b\u0f61\u0f72\u0f42",
        "code": "bo"
    },
    {
        "name": "Turkmen",
        "nativeName": "T\u00fcrkmen, \u0422\u04af\u0440\u043a\u043c\u0435\u043d",
        "code": "tk"
    },
    {
        "name": "Tagalog",
        "nativeName": "Wikang Tagalog, \u170f\u1712\u1703\u1705\u1714 \u1706\u1704\u170e\u1713\u1704\u1714",
        "code": "tl"
    },
    {
        "name": "Tswana",
        "nativeName": "Setswana",
        "code": "tn"
    },
    {
        "name": "Tonga (Tonga Islands)",
        "nativeName": "faka Tonga",
        "code": "to"
    },
    {
        "name": "Turkish",
        "nativeName": "T\u00fcrk\u00e7e",
        "code": "tr"
    },
    {
        "name": "Tsonga",
        "nativeName": "Xitsonga",
        "code": "ts"
    },
    {
        "name": "Tatar",
        "nativeName": "\u0442\u0430\u0442\u0430\u0440\u0447\u0430, tatar\u00e7a, \u062a\u0627\u062a\u0627\u0631\u0686\u0627\u200e",
        "code": "tt"
    },
    {
        "name": "Twi",
        "nativeName": "Twi",
        "code": "tw"
    },
    {
        "name": "Tahitian",
        "nativeName": "Reo Tahiti",
        "code": "ty"
    },
    {
        "name": "Uighur, Uyghur",
        "nativeName": "Uy\u01a3urq\u0259, \u0626\u06c7\u064a\u063a\u06c7\u0631\u0686\u06d5\u200e",
        "code": "ug"
    },
    {
        "name": "Ukrainian",
        "nativeName": "\u0443\u043a\u0440\u0430\u0457\u043d\u0441\u044c\u043a\u0430",
        "code": "uk"
    },
    {
        "name": "Urdu",
        "nativeName": "\u0627\u0631\u062f\u0648",
        "code": "ur"
    },
    {
        "name": "Uzbek",
        "nativeName": "zbek, \u040e\u0437\u0431\u0435\u043a, \u0623\u06c7\u0632\u0628\u06d0\u0643\u200e",
        "code": "uz"
    },
    {
        "name": "Venda",
        "nativeName": "Tshiven\u1e13a",
        "code": "ve"
    },
    {
        "name": "Vietnamese",
        "nativeName": "Ti\u1ebfng Vi\u1ec7t",
        "code": "vi"
    },
    {
        "name": "Volap\u00fck",
        "nativeName": "Volap\u00fck",
        "code": "vo"
    },
    {
        "name": "Walloon",
        "nativeName": "Walon",
        "code": "wa"
    },
    {
        "name": "Welsh",
        "nativeName": "Cymraeg",
        "code": "cy"
    },
    {
        "name": "Wolof",
        "nativeName": "Wollof",
        "code": "wo"
    },
    {
        "name": "Western Frisian",
        "nativeName": "Frysk",
        "code": "fy"
    },
    {
        "name": "Xhosa",
        "nativeName": "isiXhosa",
        "code": "xh"
    },
    {
        "name": "Yiddish",
        "nativeName": "\u05d9\u05d9\u05b4\u05d3\u05d9\u05e9",
        "code": "yi"
    },
    {
        "name": "Yoruba",
        "nativeName": "Yor\u00f9b\u00e1",
        "code": "yo"
    },
    {
        "name": "Zhuang, Chuang",
        "nativeName": "Sa\u026f cue\u014b\u0185, Saw cuengh",
        "code": "za"
    }
]