{"Type":"Type","Size":"Size","Storage Used":"Storage Used","Location":"Location","Owner":"Owner","Last Updated":"Last Updated","Created":"Created","Select file or folder to view its details.":"Select file or folder to view its details.","Move items":"Move items","Cancel":"Cancel","Move":"Move","Rename":"Rename","Enter a name...":"Enter a name...","New Folder":"New Folder","Folder name...":"Folder name...","Create":"Create","Direction":"Direction","Ascending":"Ascending","Descending":"Descending","Sort By":"Sort By","No recent entries.":"No recent entries.","You have not uploaded any files or folders yet.":"You have not uploaded any files or folders yet.","Nothing is starred.":"Nothing is starred.","Add stars to files and folders that you want to easily find later.":"Add stars to files and folders that you want to easily find later.","Trash is empty.":"Trash is empty.","There are no files or folders in your trash currently.":"There are no files or folders in your trash currently.","Sign In":"Sign In","Import":"Import","The link you are trying to access is password protected.":"The link you are trying to access is password protected.","Password":"Password","Password does not match.":"Password does not match.","Enter":"Enter","Search Drive":"Search Drive","No matches found.":"No matches found.","Try another search with different query or file type.":"Try another search with different query or file type.","Who has access":"Who has access","Save Changes":"Save Changes","Link is valid until:":"Link is valid until:","Expiration date...":"Expiration date...","Expiration time...":"Expiration time...","Require password:":"Require password:","Enter new password...":"Enter new password...","Users with link can modify this item.":"Users with link can modify this item.","Users with link can download this item.":"Users with link can download this item.","Shared with me.":"Shared with me.","Files and folders other people have shared with you.":"Files and folders other people have shared with you.","Add people":"Add people","Close":"Close","Share":"Share","Shareable link":"Shareable link","on":"on","Copy":"Copy","Varies":"Varies","Can edit":"Can edit","Can View":"Can View","Can Download":"Can Download","Can download":"Can download","People can view and download the item.":"People can view and download the item.","Can view":"Can view","People can view the item.":"People can view the item.","of":"of","used":"used","Upgrade Storage":"Upgrade Storage","Upload":"Upload","My Drive":"My Drive","Drop files or folders here":"Drop files or folders here","or click to upload.":"or click to upload.","left":"left","Uploading":"Uploading","items uploaded":"items uploaded","Register":"Register","Login":"Login"}