{
  "configVersion": 1,
  "timestamp": 1559294563958,
  "index": "/index.html",
  "assetGroups": [
    {
      "name": "app",
      "installMode": "prefetch",
      "updateMode": "prefetch",
      "urls": [
        "/4.4d9cb953f4dd0949f854.js",
        "/5.d3d1f1b39c0dbbb7e6e7.js",
        "/6.7a0a52abff038d27aeba.js",
        "/7.8109587464cbb28febb5.js",
        "/favicon.ico",
        "/index.html",
        "/main.e14285423dc9f681cfe5.js",
        "/polyfills.ed702c16ba28f9f1c20a.js",
        "/runtime.553be139d36f038ae106.js",
        "/styles.ab5b618ec8ffc5f3752c.css"
      ],
      "patterns": []
    },
    {
      "name": "assets",
      "installMode": "lazy",
      "updateMode": "prefetch",
      "urls": [
        "/assets/css/advanced-editor-styles.css",
        "/assets/css/update.css",
        "/assets/icons/icon-128x128.png",
        "/assets/icons/icon-144x144.png",
        "/assets/icons/icon-152x152.png",
        "/assets/icons/icon-192x192.png",
        "/assets/icons/icon-384x384.png",
        "/assets/icons/icon-512x512.png",
        "/assets/icons/icon-72x72.png",
        "/assets/icons/icon-96x96.png",
        "/assets/icons/individual/add-star-custom.svg",
        "/assets/icons/individual/archive-file-custom.svg",
        "/assets/icons/individual/audio-file-custom.svg",
        "/assets/icons/individual/broken-link-custom.svg",
        "/assets/icons/individual/copy-file-custom.svg",
        "/assets/icons/individual/default-file-custom.svg",
        "/assets/icons/individual/drop-custom.svg",
        "/assets/icons/individual/folder-file-custom.svg",
        "/assets/icons/individual/hard-disk-custom.svg",
        "/assets/icons/individual/image-file-custom.svg",
        "/assets/icons/individual/multiple-users-custom.svg",
        "/assets/icons/individual/network-drive-custom.svg",
        "/assets/icons/individual/password-custom.svg",
        "/assets/icons/individual/pdf-file-custom.svg",
        "/assets/icons/individual/power-point-file-custom.svg",
        "/assets/icons/individual/recent-custom.svg",
        "/assets/icons/individual/search-custom.svg",
        "/assets/icons/individual/selection-tool-custom.svg",
        "/assets/icons/individual/share-custom.svg",
        "/assets/icons/individual/shared-folder-file-custom.svg",
        "/assets/icons/individual/shield-custom.svg",
        "/assets/icons/individual/spreadsheet-file-custom.svg",
        "/assets/icons/individual/text-file-custom.svg",
        "/assets/icons/individual/trash-custom.svg",
        "/assets/icons/individual/upload-custom.svg",
        "/assets/icons/individual/upload-folder-custom.svg",
        "/assets/icons/individual/video-file-custom.svg",
        "/assets/icons/individual/word-file-custom.svg",
        "/assets/icons/merged.svg",
        "/assets/images/404.png",
        "/assets/images/billing/american-express.png",
        "/assets/images/billing/dinners-club.png",
        "/assets/images/billing/discover.png",
        "/assets/images/billing/jcb.png",
        "/assets/images/billing/mastercard.png",
        "/assets/images/billing/paypal.png",
        "/assets/images/billing/visa.png",
        "/assets/images/billing/western-union.png",
        "/assets/images/homepage-bg.jpg",
        "/assets/images/logo-dark.png",
        "/assets/images/logo-light.png",
        "/assets/images/no-results.svg",
        "/assets/images/paypal-lock.png",
        "/assets/images/pricing-plans-bg.svg",
        "/assets/images/sample.jpg",
        "/assets/js/ace/ace.js",
        "/assets/js/ace/ext-beautify.js",
        "/assets/js/ace/ext-chromevox.js",
        "/assets/js/ace/ext-elastic_tabstops_lite.js",
        "/assets/js/ace/ext-emmet.js",
        "/assets/js/ace/ext-error_marker.js",
        "/assets/js/ace/ext-keybinding_menu.js",
        "/assets/js/ace/ext-language_tools.js",
        "/assets/js/ace/ext-linking.js",
        "/assets/js/ace/ext-modelist.js",
        "/assets/js/ace/ext-old_ie.js",
        "/assets/js/ace/ext-searchbox.js",
        "/assets/js/ace/ext-settings_menu.js",
        "/assets/js/ace/ext-spellcheck.js",
        "/assets/js/ace/ext-split.js",
        "/assets/js/ace/ext-static_highlight.js",
        "/assets/js/ace/ext-statusbar.js",
        "/assets/js/ace/ext-textarea.js",
        "/assets/js/ace/ext-themelist.js",
        "/assets/js/ace/ext-whitespace.js",
        "/assets/js/ace/keybinding-emacs.js",
        "/assets/js/ace/keybinding-vim.js",
        "/assets/js/ace/mode-abap.js",
        "/assets/js/ace/mode-abc.js",
        "/assets/js/ace/mode-actionscript.js",
        "/assets/js/ace/mode-ada.js",
        "/assets/js/ace/mode-apache_conf.js",
        "/assets/js/ace/mode-applescript.js",
        "/assets/js/ace/mode-asciidoc.js",
        "/assets/js/ace/mode-assembly_x86.js",
        "/assets/js/ace/mode-autohotkey.js",
        "/assets/js/ace/mode-batchfile.js",
        "/assets/js/ace/mode-bro.js",
        "/assets/js/ace/mode-c9search.js",
        "/assets/js/ace/mode-c_cpp.js",
        "/assets/js/ace/mode-cirru.js",
        "/assets/js/ace/mode-clojure.js",
        "/assets/js/ace/mode-cobol.js",
        "/assets/js/ace/mode-coffee.js",
        "/assets/js/ace/mode-coldfusion.js",
        "/assets/js/ace/mode-csharp.js",
        "/assets/js/ace/mode-css.js",
        "/assets/js/ace/mode-curly.js",
        "/assets/js/ace/mode-d.js",
        "/assets/js/ace/mode-dart.js",
        "/assets/js/ace/mode-diff.js",
        "/assets/js/ace/mode-django.js",
        "/assets/js/ace/mode-dockerfile.js",
        "/assets/js/ace/mode-dot.js",
        "/assets/js/ace/mode-drools.js",
        "/assets/js/ace/mode-eiffel.js",
        "/assets/js/ace/mode-ejs.js",
        "/assets/js/ace/mode-elixir.js",
        "/assets/js/ace/mode-elm.js",
        "/assets/js/ace/mode-erlang.js",
        "/assets/js/ace/mode-forth.js",
        "/assets/js/ace/mode-fortran.js",
        "/assets/js/ace/mode-ftl.js",
        "/assets/js/ace/mode-gcode.js",
        "/assets/js/ace/mode-gherkin.js",
        "/assets/js/ace/mode-gitignore.js",
        "/assets/js/ace/mode-glsl.js",
        "/assets/js/ace/mode-gobstones.js",
        "/assets/js/ace/mode-golang.js",
        "/assets/js/ace/mode-graphqlschema.js",
        "/assets/js/ace/mode-groovy.js",
        "/assets/js/ace/mode-haml.js",
        "/assets/js/ace/mode-handlebars.js",
        "/assets/js/ace/mode-haskell.js",
        "/assets/js/ace/mode-haskell_cabal.js",
        "/assets/js/ace/mode-haxe.js",
        "/assets/js/ace/mode-hjson.js",
        "/assets/js/ace/mode-html.js",
        "/assets/js/ace/mode-html_elixir.js",
        "/assets/js/ace/mode-html_ruby.js",
        "/assets/js/ace/mode-ini.js",
        "/assets/js/ace/mode-io.js",
        "/assets/js/ace/mode-jack.js",
        "/assets/js/ace/mode-jade.js",
        "/assets/js/ace/mode-java.js",
        "/assets/js/ace/mode-javascript.js",
        "/assets/js/ace/mode-json.js",
        "/assets/js/ace/mode-jsoniq.js",
        "/assets/js/ace/mode-jsp.js",
        "/assets/js/ace/mode-jsx.js",
        "/assets/js/ace/mode-julia.js",
        "/assets/js/ace/mode-kotlin.js",
        "/assets/js/ace/mode-latex.js",
        "/assets/js/ace/mode-lean.js",
        "/assets/js/ace/mode-less.js",
        "/assets/js/ace/mode-liquid.js",
        "/assets/js/ace/mode-lisp.js",
        "/assets/js/ace/mode-live_script.js",
        "/assets/js/ace/mode-livescript.js",
        "/assets/js/ace/mode-logiql.js",
        "/assets/js/ace/mode-lsl.js",
        "/assets/js/ace/mode-lua.js",
        "/assets/js/ace/mode-luapage.js",
        "/assets/js/ace/mode-lucene.js",
        "/assets/js/ace/mode-makefile.js",
        "/assets/js/ace/mode-markdown.js",
        "/assets/js/ace/mode-mask.js",
        "/assets/js/ace/mode-matlab.js",
        "/assets/js/ace/mode-maze.js",
        "/assets/js/ace/mode-mel.js",
        "/assets/js/ace/mode-mips_assembler.js",
        "/assets/js/ace/mode-mipsassembler.js",
        "/assets/js/ace/mode-mushcode.js",
        "/assets/js/ace/mode-mysql.js",
        "/assets/js/ace/mode-nix.js",
        "/assets/js/ace/mode-nsis.js",
        "/assets/js/ace/mode-objectivec.js",
        "/assets/js/ace/mode-ocaml.js",
        "/assets/js/ace/mode-pascal.js",
        "/assets/js/ace/mode-perl.js",
        "/assets/js/ace/mode-pgsql.js",
        "/assets/js/ace/mode-php.js",
        "/assets/js/ace/mode-pig.js",
        "/assets/js/ace/mode-plain_text.js",
        "/assets/js/ace/mode-powershell.js",
        "/assets/js/ace/mode-praat.js",
        "/assets/js/ace/mode-prolog.js",
        "/assets/js/ace/mode-properties.js",
        "/assets/js/ace/mode-protobuf.js",
        "/assets/js/ace/mode-python.js",
        "/assets/js/ace/mode-r.js",
        "/assets/js/ace/mode-razor.js",
        "/assets/js/ace/mode-rdoc.js",
        "/assets/js/ace/mode-rhtml.js",
        "/assets/js/ace/mode-rst.js",
        "/assets/js/ace/mode-ruby.js",
        "/assets/js/ace/mode-rust.js",
        "/assets/js/ace/mode-sass.js",
        "/assets/js/ace/mode-scad.js",
        "/assets/js/ace/mode-scala.js",
        "/assets/js/ace/mode-scheme.js",
        "/assets/js/ace/mode-scss.js",
        "/assets/js/ace/mode-sh.js",
        "/assets/js/ace/mode-sjs.js",
        "/assets/js/ace/mode-smarty.js",
        "/assets/js/ace/mode-snippets.js",
        "/assets/js/ace/mode-soy_template.js",
        "/assets/js/ace/mode-space.js",
        "/assets/js/ace/mode-sparql.js",
        "/assets/js/ace/mode-sql.js",
        "/assets/js/ace/mode-sqlserver.js",
        "/assets/js/ace/mode-stylus.js",
        "/assets/js/ace/mode-svg.js",
        "/assets/js/ace/mode-swift.js",
        "/assets/js/ace/mode-swig.js",
        "/assets/js/ace/mode-tcl.js",
        "/assets/js/ace/mode-tex.js",
        "/assets/js/ace/mode-text.js",
        "/assets/js/ace/mode-textile.js",
        "/assets/js/ace/mode-toml.js",
        "/assets/js/ace/mode-tsx.js",
        "/assets/js/ace/mode-turtle.js",
        "/assets/js/ace/mode-twig.js",
        "/assets/js/ace/mode-typescript.js",
        "/assets/js/ace/mode-vala.js",
        "/assets/js/ace/mode-vbscript.js",
        "/assets/js/ace/mode-velocity.js",
        "/assets/js/ace/mode-verilog.js",
        "/assets/js/ace/mode-vhdl.js",
        "/assets/js/ace/mode-wollok.js",
        "/assets/js/ace/mode-xml.js",
        "/assets/js/ace/mode-xquery.js",
        "/assets/js/ace/mode-yaml.js",
        "/assets/js/ace/snippets/abap.js",
        "/assets/js/ace/snippets/abc.js",
        "/assets/js/ace/snippets/actionscript.js",
        "/assets/js/ace/snippets/ada.js",
        "/assets/js/ace/snippets/apache_conf.js",
        "/assets/js/ace/snippets/applescript.js",
        "/assets/js/ace/snippets/asciidoc.js",
        "/assets/js/ace/snippets/assembly_x86.js",
        "/assets/js/ace/snippets/autohotkey.js",
        "/assets/js/ace/snippets/batchfile.js",
        "/assets/js/ace/snippets/bro.js",
        "/assets/js/ace/snippets/c9search.js",
        "/assets/js/ace/snippets/c_cpp.js",
        "/assets/js/ace/snippets/cirru.js",
        "/assets/js/ace/snippets/clojure.js",
        "/assets/js/ace/snippets/cobol.js",
        "/assets/js/ace/snippets/coffee.js",
        "/assets/js/ace/snippets/coldfusion.js",
        "/assets/js/ace/snippets/csharp.js",
        "/assets/js/ace/snippets/css.js",
        "/assets/js/ace/snippets/curly.js",
        "/assets/js/ace/snippets/d.js",
        "/assets/js/ace/snippets/dart.js",
        "/assets/js/ace/snippets/diff.js",
        "/assets/js/ace/snippets/django.js",
        "/assets/js/ace/snippets/dockerfile.js",
        "/assets/js/ace/snippets/dot.js",
        "/assets/js/ace/snippets/drools.js",
        "/assets/js/ace/snippets/eiffel.js",
        "/assets/js/ace/snippets/ejs.js",
        "/assets/js/ace/snippets/elixir.js",
        "/assets/js/ace/snippets/elm.js",
        "/assets/js/ace/snippets/erlang.js",
        "/assets/js/ace/snippets/forth.js",
        "/assets/js/ace/snippets/fortran.js",
        "/assets/js/ace/snippets/ftl.js",
        "/assets/js/ace/snippets/gcode.js",
        "/assets/js/ace/snippets/gherkin.js",
        "/assets/js/ace/snippets/gitignore.js",
        "/assets/js/ace/snippets/glsl.js",
        "/assets/js/ace/snippets/gobstones.js",
        "/assets/js/ace/snippets/golang.js",
        "/assets/js/ace/snippets/graphqlschema.js",
        "/assets/js/ace/snippets/groovy.js",
        "/assets/js/ace/snippets/haml.js",
        "/assets/js/ace/snippets/handlebars.js",
        "/assets/js/ace/snippets/haskell.js",
        "/assets/js/ace/snippets/haskell_cabal.js",
        "/assets/js/ace/snippets/haxe.js",
        "/assets/js/ace/snippets/hjson.js",
        "/assets/js/ace/snippets/html.js",
        "/assets/js/ace/snippets/html_elixir.js",
        "/assets/js/ace/snippets/html_ruby.js",
        "/assets/js/ace/snippets/ini.js",
        "/assets/js/ace/snippets/io.js",
        "/assets/js/ace/snippets/jack.js",
        "/assets/js/ace/snippets/jade.js",
        "/assets/js/ace/snippets/java.js",
        "/assets/js/ace/snippets/javascript.js",
        "/assets/js/ace/snippets/json.js",
        "/assets/js/ace/snippets/jsoniq.js",
        "/assets/js/ace/snippets/jsp.js",
        "/assets/js/ace/snippets/jsx.js",
        "/assets/js/ace/snippets/julia.js",
        "/assets/js/ace/snippets/kotlin.js",
        "/assets/js/ace/snippets/latex.js",
        "/assets/js/ace/snippets/lean.js",
        "/assets/js/ace/snippets/less.js",
        "/assets/js/ace/snippets/liquid.js",
        "/assets/js/ace/snippets/lisp.js",
        "/assets/js/ace/snippets/live_script.js",
        "/assets/js/ace/snippets/livescript.js",
        "/assets/js/ace/snippets/logiql.js",
        "/assets/js/ace/snippets/lsl.js",
        "/assets/js/ace/snippets/lua.js",
        "/assets/js/ace/snippets/luapage.js",
        "/assets/js/ace/snippets/lucene.js",
        "/assets/js/ace/snippets/makefile.js",
        "/assets/js/ace/snippets/markdown.js",
        "/assets/js/ace/snippets/mask.js",
        "/assets/js/ace/snippets/matlab.js",
        "/assets/js/ace/snippets/maze.js",
        "/assets/js/ace/snippets/mel.js",
        "/assets/js/ace/snippets/mips_assembler.js",
        "/assets/js/ace/snippets/mipsassembler.js",
        "/assets/js/ace/snippets/mushcode.js",
        "/assets/js/ace/snippets/mysql.js",
        "/assets/js/ace/snippets/nix.js",
        "/assets/js/ace/snippets/nsis.js",
        "/assets/js/ace/snippets/objectivec.js",
        "/assets/js/ace/snippets/ocaml.js",
        "/assets/js/ace/snippets/pascal.js",
        "/assets/js/ace/snippets/perl.js",
        "/assets/js/ace/snippets/pgsql.js",
        "/assets/js/ace/snippets/php.js",
        "/assets/js/ace/snippets/pig.js",
        "/assets/js/ace/snippets/plain_text.js",
        "/assets/js/ace/snippets/powershell.js",
        "/assets/js/ace/snippets/praat.js",
        "/assets/js/ace/snippets/prolog.js",
        "/assets/js/ace/snippets/properties.js",
        "/assets/js/ace/snippets/protobuf.js",
        "/assets/js/ace/snippets/python.js",
        "/assets/js/ace/snippets/r.js",
        "/assets/js/ace/snippets/razor.js",
        "/assets/js/ace/snippets/rdoc.js",
        "/assets/js/ace/snippets/rhtml.js",
        "/assets/js/ace/snippets/rst.js",
        "/assets/js/ace/snippets/ruby.js",
        "/assets/js/ace/snippets/rust.js",
        "/assets/js/ace/snippets/sass.js",
        "/assets/js/ace/snippets/scad.js",
        "/assets/js/ace/snippets/scala.js",
        "/assets/js/ace/snippets/scheme.js",
        "/assets/js/ace/snippets/scss.js",
        "/assets/js/ace/snippets/sh.js",
        "/assets/js/ace/snippets/sjs.js",
        "/assets/js/ace/snippets/smarty.js",
        "/assets/js/ace/snippets/snippets.js",
        "/assets/js/ace/snippets/soy_template.js",
        "/assets/js/ace/snippets/space.js",
        "/assets/js/ace/snippets/sparql.js",
        "/assets/js/ace/snippets/sql.js",
        "/assets/js/ace/snippets/sqlserver.js",
        "/assets/js/ace/snippets/stylus.js",
        "/assets/js/ace/snippets/svg.js",
        "/assets/js/ace/snippets/swift.js",
        "/assets/js/ace/snippets/swig.js",
        "/assets/js/ace/snippets/tcl.js",
        "/assets/js/ace/snippets/tex.js",
        "/assets/js/ace/snippets/text.js",
        "/assets/js/ace/snippets/textile.js",
        "/assets/js/ace/snippets/toml.js",
        "/assets/js/ace/snippets/tsx.js",
        "/assets/js/ace/snippets/turtle.js",
        "/assets/js/ace/snippets/twig.js",
        "/assets/js/ace/snippets/typescript.js",
        "/assets/js/ace/snippets/vala.js",
        "/assets/js/ace/snippets/vbscript.js",
        "/assets/js/ace/snippets/velocity.js",
        "/assets/js/ace/snippets/verilog.js",
        "/assets/js/ace/snippets/vhdl.js",
        "/assets/js/ace/snippets/wollok.js",
        "/assets/js/ace/snippets/xml.js",
        "/assets/js/ace/snippets/xquery.js",
        "/assets/js/ace/snippets/yaml.js",
        "/assets/js/ace/theme-ambiance.js",
        "/assets/js/ace/theme-chaos.js",
        "/assets/js/ace/theme-chrome.js",
        "/assets/js/ace/theme-clouds.js",
        "/assets/js/ace/theme-clouds_midnight.js",
        "/assets/js/ace/theme-cobalt.js",
        "/assets/js/ace/theme-crimson_editor.js",
        "/assets/js/ace/theme-dawn.js",
        "/assets/js/ace/theme-dreamweaver.js",
        "/assets/js/ace/theme-eclipse.js",
        "/assets/js/ace/theme-github.js",
        "/assets/js/ace/theme-gob.js",
        "/assets/js/ace/theme-gruvbox.js",
        "/assets/js/ace/theme-idle_fingers.js",
        "/assets/js/ace/theme-iplastic.js",
        "/assets/js/ace/theme-katzenmilch.js",
        "/assets/js/ace/theme-kr_theme.js",
        "/assets/js/ace/theme-kuroir.js",
        "/assets/js/ace/theme-merbivore.js",
        "/assets/js/ace/theme-merbivore_soft.js",
        "/assets/js/ace/theme-mono_industrial.js",
        "/assets/js/ace/theme-monokai.js",
        "/assets/js/ace/theme-pastel_on_dark.js",
        "/assets/js/ace/theme-solarized_dark.js",
        "/assets/js/ace/theme-solarized_light.js",
        "/assets/js/ace/theme-sqlserver.js",
        "/assets/js/ace/theme-terminal.js",
        "/assets/js/ace/theme-textmate.js",
        "/assets/js/ace/theme-tomorrow.js",
        "/assets/js/ace/theme-tomorrow_night.js",
        "/assets/js/ace/theme-tomorrow_night_blue.js",
        "/assets/js/ace/theme-tomorrow_night_bright.js",
        "/assets/js/ace/theme-tomorrow_night_eighties.js",
        "/assets/js/ace/theme-twilight.js",
        "/assets/js/ace/theme-vibrant_ink.js",
        "/assets/js/ace/theme-xcode.js",
        "/assets/js/ace/worker-coffee.js",
        "/assets/js/ace/worker-css.js",
        "/assets/js/ace/worker-html.js",
        "/assets/js/ace/worker-javascript.js",
        "/assets/js/ace/worker-json.js",
        "/assets/js/ace/worker-lua.js",
        "/assets/js/ace/worker-php.js",
        "/assets/js/ace/worker-xml.js",
        "/assets/js/ace/worker-xquery.js",
        "/assets/js/tinymce/license.txt",
        "/assets/js/tinymce/plugins/codesample/css/prism.css",
        "/assets/js/tinymce/plugins/visualblocks/css/visualblocks.css",
        "/assets/js/tinymce/skins/lightgray/content.inline.min.css",
        "/assets/js/tinymce/skins/lightgray/content.min.css",
        "/assets/js/tinymce/skins/lightgray/fonts/tinymce-small.eot",
        "/assets/js/tinymce/skins/lightgray/fonts/tinymce-small.svg",
        "/assets/js/tinymce/skins/lightgray/fonts/tinymce-small.ttf",
        "/assets/js/tinymce/skins/lightgray/fonts/tinymce-small.woff",
        "/assets/js/tinymce/skins/lightgray/fonts/tinymce.eot",
        "/assets/js/tinymce/skins/lightgray/fonts/tinymce.svg",
        "/assets/js/tinymce/skins/lightgray/fonts/tinymce.ttf",
        "/assets/js/tinymce/skins/lightgray/fonts/tinymce.woff",
        "/assets/js/tinymce/skins/lightgray/img/anchor.gif",
        "/assets/js/tinymce/skins/lightgray/img/loader.gif",
        "/assets/js/tinymce/skins/lightgray/img/object.gif",
        "/assets/js/tinymce/skins/lightgray/img/trans.gif",
        "/assets/js/tinymce/skins/lightgray/skin.min.css",
        "/assets/js/tinymce/tinymce.min.js"
      ],
      "patterns": []
    }
  ],
  "dataGroups": [],
  "hashTable": {
    "/4.4d9cb953f4dd0949f854.js": "377004d53bde497b332e6cc00b0b4ea497b0b660",
    "/5.d3d1f1b39c0dbbb7e6e7.js": "a3b3c80939f36f5754588e1666ff10b743ae315f",
    "/6.7a0a52abff038d27aeba.js": "d7786de07101bfafd34be4991330fb822d6cbd12",
    "/7.8109587464cbb28febb5.js": "b93ad02b76c4a36a85791a8702c523e14896bed5",
    "/assets/css/advanced-editor-styles.css": "c49bfc645e8cb2a407630da3b2f040d9bffa9f8c",
    "/assets/css/update.css": "d9ace92b933033ef645c10441bd90cc69142c948",
    "/assets/icons/icon-128x128.png": "dae3b6ed49bdaf4327b92531d4b5b4a5d30c7532",
    "/assets/icons/icon-144x144.png": "b0bd89982e08f9bd2b642928f5391915b74799a7",
    "/assets/icons/icon-152x152.png": "7479a9477815dfd9668d60f8b3b2fba709b91310",
    "/assets/icons/icon-192x192.png": "1abd80d431a237a853ce38147d8c63752f10933b",
    "/assets/icons/icon-384x384.png": "329749cd6393768d3131ed6304c136b1ca05f2fd",
    "/assets/icons/icon-512x512.png": "559d9c4318b45a1f2b10596bbb4c960fe521dbcc",
    "/assets/icons/icon-72x72.png": "c457e56089a36952cd67156f9996bc4ce54a5ed9",
    "/assets/icons/icon-96x96.png": "3914125a4b445bf111c5627875fc190f560daa41",
    "/assets/icons/individual/add-star-custom.svg": "3841ade351a2cd8684585972a32aa2d58c877fee",
    "/assets/icons/individual/archive-file-custom.svg": "d775aaa810653eceb2cdec90988cefe08670d7be",
    "/assets/icons/individual/audio-file-custom.svg": "204ca830ebf69e2f6d46cc488c526a4fd6877b02",
    "/assets/icons/individual/broken-link-custom.svg": "5259aa40a533316536910c8c4c9b7bc5d6f940f0",
    "/assets/icons/individual/copy-file-custom.svg": "6bc4a1852bb5eb3879fe2515f80dede0ced98533",
    "/assets/icons/individual/default-file-custom.svg": "2b38750b6fcbd4317ee83f083f33f1a9a6bb26bd",
    "/assets/icons/individual/drop-custom.svg": "0c86451b7a2807a829e18910d098a819281f015a",
    "/assets/icons/individual/folder-file-custom.svg": "ef0f9c3b5e0bc4d1b126700cf456a1a8f70e70aa",
    "/assets/icons/individual/hard-disk-custom.svg": "d359926bb5c32bc093e0659f6eba69ff8529f54d",
    "/assets/icons/individual/image-file-custom.svg": "bbd38f2ea717214189867367db9e88fd3c2f2f6a",
    "/assets/icons/individual/multiple-users-custom.svg": "f00c0bcd9329b22a3fa61fd26b3f5d72a2580213",
    "/assets/icons/individual/network-drive-custom.svg": "6569fe778e9066b092e59c03bbd0afccde0133c8",
    "/assets/icons/individual/password-custom.svg": "f202d34166c298a80862644e58878cba29beaf60",
    "/assets/icons/individual/pdf-file-custom.svg": "0de9fa528a174924ab56d95725f26235a35c4193",
    "/assets/icons/individual/power-point-file-custom.svg": "20c77515d1c6144851195cb616258db43243564a",
    "/assets/icons/individual/recent-custom.svg": "c4d7fee2092f29fb526d692bbfa025bf99847fcb",
    "/assets/icons/individual/search-custom.svg": "b5f8918208c34dc336d96ac1fa18727c54195e0d",
    "/assets/icons/individual/selection-tool-custom.svg": "71c53405cfbfedc963f5a52bd9260d5ef3265c5f",
    "/assets/icons/individual/share-custom.svg": "74f6dbcd3dada26849776a11e075b8bf4ca7974c",
    "/assets/icons/individual/shared-folder-file-custom.svg": "01e14337a59d0041072c71c0eb81e1b1d404a708",
    "/assets/icons/individual/shield-custom.svg": "03374a9d718695b786deaee216c26870ab4854cc",
    "/assets/icons/individual/spreadsheet-file-custom.svg": "5024cc23cf65d2470e91b7a8cf267aa2268ad9bf",
    "/assets/icons/individual/text-file-custom.svg": "aac46e568072c3b2b3afcba91dafe636ef2e70ed",
    "/assets/icons/individual/trash-custom.svg": "3e3d7e522e96d408ca5066e890d3aed5b6088ff5",
    "/assets/icons/individual/upload-custom.svg": "452ff5570aea9710509b158681e6c2850d856713",
    "/assets/icons/individual/upload-folder-custom.svg": "a1ab0b60475467fe5ee9aa6a84dd14e156dacfc3",
    "/assets/icons/individual/video-file-custom.svg": "be63b05e0d3386ad668e30f0b308b96f94a0cf15",
    "/assets/icons/individual/word-file-custom.svg": "d577a95bc2b4717e28d820342dc1e6a05815f869",
    "/assets/icons/merged.svg": "c92034c8061816b76ddfe56cb09051883eed03b4",
    "/assets/images/404.png": "295ef8bb5f8b1b4205af1e32e05fbddc4c7a8d18",
    "/assets/images/billing/american-express.png": "803ea9a69d88336869f96572137cb982669d4b3f",
    "/assets/images/billing/dinners-club.png": "b44cb13144fdb0369c44b84d2fed99a1725806ef",
    "/assets/images/billing/discover.png": "5b1fe7da9a759b54ec680c4d3c35778f3cc2cb7b",
    "/assets/images/billing/jcb.png": "4dfeb071ad595881dc7cf5fad292830fa7082018",
    "/assets/images/billing/mastercard.png": "e199514327738b5199401d1992c05f0a8de31345",
    "/assets/images/billing/paypal.png": "cad0df9907e69de7a9611badf494c2b54f247408",
    "/assets/images/billing/visa.png": "083c58fb5501bd544cacf9e967e327636854527b",
    "/assets/images/billing/western-union.png": "f1616d55aa1a9f81532801b9a32d78d465a72a3c",
    "/assets/images/homepage-bg.jpg": "01d470e78a1de7af39217711905ab41929e9a3ef",
    "/assets/images/logo-dark.png": "c7b38e08626cefa9f64d19f1ee39057af1bd610e",
    "/assets/images/logo-light.png": "3580c589d5a98681566b1202c88b2ec5cc9b2c5c",
    "/assets/images/no-results.svg": "f1a2a0734783f1bcb6131cb6337b20587e4128a6",
    "/assets/images/paypal-lock.png": "e572b4adb3ef4963754e641ff7286f12dab18bfe",
    "/assets/images/pricing-plans-bg.svg": "21378eefb47425d0f540c43f2b69dfef09c8d457",
    "/assets/images/sample.jpg": "eeee925a75e2fb1158dcd50e29ad9064c5a97380",
    "/assets/js/ace/ace.js": "5341ae29d481d93f8fe6afd95ef175f4fdb0d06d",
    "/assets/js/ace/ext-beautify.js": "1c9805b559d2d0aea048877cb38eb7c27105c01f",
    "/assets/js/ace/ext-chromevox.js": "182ec7e0ab775a2e9eda3ef02005f68d6c663a8f",
    "/assets/js/ace/ext-elastic_tabstops_lite.js": "82f66443ae69f3232ab9ccee90d0645a1f133ee6",
    "/assets/js/ace/ext-emmet.js": "fbb8bde716c5be9febd36f9a61b2b7105be2eac5",
    "/assets/js/ace/ext-error_marker.js": "6b7a226657e4a320d511ad9fb9572636c039660b",
    "/assets/js/ace/ext-keybinding_menu.js": "d6c490d20a48ec3e25dc3abe2d1f04132ee35673",
    "/assets/js/ace/ext-language_tools.js": "5020fa1850b6f261bb71b5ff7d0e70209c98233e",
    "/assets/js/ace/ext-linking.js": "d4ca2dd37a019bcef45b3dabc794bd4e235c1d7b",
    "/assets/js/ace/ext-modelist.js": "202bf73b0d9c1f6469f533115555028b5ddb13f4",
    "/assets/js/ace/ext-old_ie.js": "93ae911fab35e7793f8fe09e1042c5efbe304841",
    "/assets/js/ace/ext-searchbox.js": "124cb2220ec6cc8e62342204bd0de049f3ae50b8",
    "/assets/js/ace/ext-settings_menu.js": "a3b1ee650a5f2f2bb9169a4776a13b10d173027f",
    "/assets/js/ace/ext-spellcheck.js": "e6dea1018f7c2ad8a655a6455691df8251436701",
    "/assets/js/ace/ext-split.js": "72a6c08c42b99c688b3caacaeb9f5773a833bc07",
    "/assets/js/ace/ext-static_highlight.js": "e448b66e7393d90b42508aebfb191fffce244347",
    "/assets/js/ace/ext-statusbar.js": "8e5a31c9ae28c6fd54f31e3b67e80961ead8ba5d",
    "/assets/js/ace/ext-textarea.js": "9e2dcf24fdd5570f72d637afc4456e052c24ddf0",
    "/assets/js/ace/ext-themelist.js": "a6a1fba124af7eddbbc98e13ba48ff4caa7d0a7b",
    "/assets/js/ace/ext-whitespace.js": "9ddfeb473beffdb5d11acef2e19f52656acc066b",
    "/assets/js/ace/keybinding-emacs.js": "e574010236aa39b95ec008f970c077eb6f55657a",
    "/assets/js/ace/keybinding-vim.js": "0dd02510fd26fd490ecdd9eed8c9e0d82dc99510",
    "/assets/js/ace/mode-abap.js": "1d66c63f5d83205a5f810abb0919c9f2064973aa",
    "/assets/js/ace/mode-abc.js": "3d13c0f12439c1b24a33f83fb6926787d54a4ab2",
    "/assets/js/ace/mode-actionscript.js": "0b04a2930cc23982b9052cd9d11d9098894cac54",
    "/assets/js/ace/mode-ada.js": "e90e356d1e23272d36903d26a73832b159dfcdd2",
    "/assets/js/ace/mode-apache_conf.js": "3d6cab42b364035122f69ca4eec7c1046b4c5319",
    "/assets/js/ace/mode-applescript.js": "04cef02321a583f8d56b2692ae10ade438c3f669",
    "/assets/js/ace/mode-asciidoc.js": "d093b6df68e30a7cdf37f8c2bb3077f300d8e959",
    "/assets/js/ace/mode-assembly_x86.js": "86abd1e260f5d266166debbbeddc5bc730f0de7e",
    "/assets/js/ace/mode-autohotkey.js": "48f55c795511be3ac5abb6adac229151101ae254",
    "/assets/js/ace/mode-batchfile.js": "6281374ef1ab98950c3cfdd6223b346c20c5fd1b",
    "/assets/js/ace/mode-bro.js": "0644c3d5e9927ba440c2f808a8c770b67829d59d",
    "/assets/js/ace/mode-c9search.js": "03fcc7f49386f67c9d808fd4c0113fc5453afeaa",
    "/assets/js/ace/mode-c_cpp.js": "24392ee96d7f085d246d300965f52dc09cc78a35",
    "/assets/js/ace/mode-cirru.js": "6ec75f27bd269b4d1bec785ac131562916697c3e",
    "/assets/js/ace/mode-clojure.js": "adc116114a5eead60657218c372ccd41984e599b",
    "/assets/js/ace/mode-cobol.js": "69b2e6b248ffac817ff2cbe968ef9835ae62cba2",
    "/assets/js/ace/mode-coffee.js": "248f75fbb40130378eec485c155488e8e4ef60b4",
    "/assets/js/ace/mode-coldfusion.js": "6babc1a3f44cd5e6940a615218cc1bc85beac609",
    "/assets/js/ace/mode-csharp.js": "f99060c7e3c050330a7f029564be445c23b3b85e",
    "/assets/js/ace/mode-css.js": "77e4137816c972f2d33ba8f3d8f1b9cbef086975",
    "/assets/js/ace/mode-curly.js": "5b70884432040dba5ab2b2dcb6af249d1536197a",
    "/assets/js/ace/mode-d.js": "f36681b043ab2dbddf67c72b2ff2c10c95329c6b",
    "/assets/js/ace/mode-dart.js": "ea45c214a1c7bfeafb501f34288736d161960004",
    "/assets/js/ace/mode-diff.js": "a0909b6eac0f44eaaeb2ec029419d96c872f74e2",
    "/assets/js/ace/mode-django.js": "30a739836411f30654225c3a6214764e1bb86000",
    "/assets/js/ace/mode-dockerfile.js": "8f265fa6d2951360ec738bf89977df976f200446",
    "/assets/js/ace/mode-dot.js": "d7c2dce661d959e790972d64478c7e8594857b70",
    "/assets/js/ace/mode-drools.js": "eb337db41d205e9308392a605ae882520ad60ba7",
    "/assets/js/ace/mode-eiffel.js": "2b9ab57fd9be424e80ef0d733a314922f4c329b6",
    "/assets/js/ace/mode-ejs.js": "5bd849029773ecdcd7813cb864017d07242ccd4c",
    "/assets/js/ace/mode-elixir.js": "e4e4904ad839ba7b57d183c770abadf1c833310e",
    "/assets/js/ace/mode-elm.js": "1d0111d1b3fefde9858988ff1c3584bce5467f0d",
    "/assets/js/ace/mode-erlang.js": "a4f5603df89ea8852c59c620064a8214d0060bbe",
    "/assets/js/ace/mode-forth.js": "d2092cb628bc09222d5607264e03f71730cec8b4",
    "/assets/js/ace/mode-fortran.js": "dd949de0ba21890f548e35f4d6e4a123dda945a6",
    "/assets/js/ace/mode-ftl.js": "fd4b7cf6efaf5f4fc6b345ce9a6b7815029e701d",
    "/assets/js/ace/mode-gcode.js": "7651f4ed124674c53ef8e13427eb16ef2407faed",
    "/assets/js/ace/mode-gherkin.js": "fae896664a7e04f0ade90fd315da40382548bb40",
    "/assets/js/ace/mode-gitignore.js": "58632eaa6f7b24877dbd3096afb4f32ff50931af",
    "/assets/js/ace/mode-glsl.js": "660679b57f5eb2e70801e20185c308af5bebbba0",
    "/assets/js/ace/mode-gobstones.js": "16fa14d2e50761be6aca2c12f21c6d3851920839",
    "/assets/js/ace/mode-golang.js": "eb286a1464280de1b1ed12bf27a1c64a1d6769fb",
    "/assets/js/ace/mode-graphqlschema.js": "b2f578e683dc9bbd4a9a2044fc17ef9892584097",
    "/assets/js/ace/mode-groovy.js": "a5aab6ecf20e08dc0eccc2500e92c8a4e60963b5",
    "/assets/js/ace/mode-haml.js": "712e33a49a58b591268feb2eb3a806289e3f1382",
    "/assets/js/ace/mode-handlebars.js": "22f39f7866a52b5f21a25e6cf39059d901a1ad89",
    "/assets/js/ace/mode-haskell.js": "6a0196067d82de9429ec630981c1e0b050d19144",
    "/assets/js/ace/mode-haskell_cabal.js": "81f15c5842bb040f7027a6b011457ee3c1ee016c",
    "/assets/js/ace/mode-haxe.js": "c241d907d52bbf1370739f9c5580b92f6b518922",
    "/assets/js/ace/mode-hjson.js": "fa01716cf6a7614f84cbacae422e733e50e76977",
    "/assets/js/ace/mode-html.js": "1ceb59bd341ef0dd18a8fc3e6a251bd5ddf88021",
    "/assets/js/ace/mode-html_elixir.js": "701393b75fa56dd735e66f8f3bc872389c6b4a94",
    "/assets/js/ace/mode-html_ruby.js": "d92c03f8be82c00d133c2a0f4051d37b1bf30bc0",
    "/assets/js/ace/mode-ini.js": "b603b9b4cc2ca3dc3fbc6aabe43071b12bb056d8",
    "/assets/js/ace/mode-io.js": "77db42e5c5965994d252eea68cb568d431581ea5",
    "/assets/js/ace/mode-jack.js": "3808895f8d0f8e3291cc489eca01deaa51877ac3",
    "/assets/js/ace/mode-jade.js": "4eb55a648dec69d59c18c103b528fb296dc958b1",
    "/assets/js/ace/mode-java.js": "cd08f4dcd7b496d4f903866317e906bed18c503c",
    "/assets/js/ace/mode-javascript.js": "79ac11141dc2e38ed81bc13b5861dec7dc687c29",
    "/assets/js/ace/mode-json.js": "15dc787fa85a8ada869bc8d8cac592def32cfa76",
    "/assets/js/ace/mode-jsoniq.js": "ab04dbbeaab280467c45fab2c2c01d1a28ac1b27",
    "/assets/js/ace/mode-jsp.js": "3dc61b9a86d63bbefa908e9ba9fd51cf557cbf60",
    "/assets/js/ace/mode-jsx.js": "3272fb3a5282bb731e4f04d74683a456567d77f7",
    "/assets/js/ace/mode-julia.js": "e77eca99224f25119f3cfaa1c062e9f583c796ad",
    "/assets/js/ace/mode-kotlin.js": "a4d72b1763d399788ea462607553bd26b3363a39",
    "/assets/js/ace/mode-latex.js": "b1b74e0c66975578db0bf085effd1c2815ebeab6",
    "/assets/js/ace/mode-lean.js": "fe0987b291668071d91e0998944c6924dfad6dc1",
    "/assets/js/ace/mode-less.js": "36cf9ae261fc3a9429ab24d59ccc2100592005f4",
    "/assets/js/ace/mode-liquid.js": "cf04d02fcdafee0db9913ee82602f47d16567255",
    "/assets/js/ace/mode-lisp.js": "4e43631717464ade2e421a2bb8d06b203bacbc85",
    "/assets/js/ace/mode-live_script.js": "b549b445f17f62db1f27cfc582044bab34a63504",
    "/assets/js/ace/mode-livescript.js": "a8914f209aa2e9963473c168883f772e936c79b5",
    "/assets/js/ace/mode-logiql.js": "883ddbe26064ddb31207020b67ffa9816115328b",
    "/assets/js/ace/mode-lsl.js": "aa6002e485c291c85b6fa634c5a44759fc3d8c69",
    "/assets/js/ace/mode-lua.js": "ccc748a14e2d617c0ebfb26b75bbd71cd9fcd1a5",
    "/assets/js/ace/mode-luapage.js": "0352dde9c64d33dc5996e2334b041017f3db0ece",
    "/assets/js/ace/mode-lucene.js": "c05fec6cfd6020c6147e9d8622a1943930fccb5a",
    "/assets/js/ace/mode-makefile.js": "ef04955b22f6c10beb3de507104c97bf28e368a2",
    "/assets/js/ace/mode-markdown.js": "6e9e5eb02859613e8c41528efbafc454f40fb4bf",
    "/assets/js/ace/mode-mask.js": "a38ffdb1b9525798190e4122a4a898d7e8616d34",
    "/assets/js/ace/mode-matlab.js": "042e2bcadb043dcc21f4461b9aec8789c0aa69f1",
    "/assets/js/ace/mode-maze.js": "59f577819db0c419fc1c42319e48c33b2a423072",
    "/assets/js/ace/mode-mel.js": "ecc0c77dfedcc72817488935ac4fc03e80af1fb0",
    "/assets/js/ace/mode-mips_assembler.js": "185bdebc56e114d531f4bde10d48d1be470885bc",
    "/assets/js/ace/mode-mipsassembler.js": "f8eba565a8f44c50e932734537b38d0639b0f89d",
    "/assets/js/ace/mode-mushcode.js": "abe1160c47c304ab2b12ff2034b11a7c6543d804",
    "/assets/js/ace/mode-mysql.js": "6fc851b85f3f3613c5866e7ab28ee7d055ea5322",
    "/assets/js/ace/mode-nix.js": "2dac1cba07041a23fdb61b735e841f456f4e9188",
    "/assets/js/ace/mode-nsis.js": "70085f6ea4185af5e069816402dd1a5e490e5f95",
    "/assets/js/ace/mode-objectivec.js": "cb505c6828e95753e629a1505a55e7bd4c03b43b",
    "/assets/js/ace/mode-ocaml.js": "82a9f905b8cc8878cc93bf3cfc8faf6e7f0c4bad",
    "/assets/js/ace/mode-pascal.js": "8bf12bdcf63424e681cd9ea934489f51a95ecc23",
    "/assets/js/ace/mode-perl.js": "4fd67cebcee079e74041267345e55422d6937d9b",
    "/assets/js/ace/mode-pgsql.js": "83d2ba08b9297d5abb75e346d0bfd4c9abd654b9",
    "/assets/js/ace/mode-php.js": "3dadb054a96efd03b794a5f8ba4fecb7ea64c1a8",
    "/assets/js/ace/mode-pig.js": "153c8a576756d8e406ca02edc8da5fd8b72839c9",
    "/assets/js/ace/mode-plain_text.js": "c00b01a8e4d458c5f93c3fc116548b26908dee76",
    "/assets/js/ace/mode-powershell.js": "4bb8e8eb782b9d2a7dd96bbbb011aac0cbdc82f2",
    "/assets/js/ace/mode-praat.js": "414ae42fc3d0a436149f073b2c2edcae062cdf82",
    "/assets/js/ace/mode-prolog.js": "49560f919b86f9620dbb8dbd56c5b2f15365b9d9",
    "/assets/js/ace/mode-properties.js": "b114d29463a057837c8328e37a84440e192229b2",
    "/assets/js/ace/mode-protobuf.js": "a9be3b3688d9bd48a9abda874169a2b8e547b83b",
    "/assets/js/ace/mode-python.js": "517045426cfefb9c36b58836b552e31f4af1e0d4",
    "/assets/js/ace/mode-r.js": "dc1d741ed30c706becf63981f95ac04498d2fcef",
    "/assets/js/ace/mode-razor.js": "5330dfc1597fc330f844ff4da14b641934602309",
    "/assets/js/ace/mode-rdoc.js": "8a673ed3bf14fe05d9a4b2ae2f5c8f0d590744ee",
    "/assets/js/ace/mode-rhtml.js": "396bed9d1b73db46ddf6dab09627f997b8df2f0b",
    "/assets/js/ace/mode-rst.js": "abbc38ef6de775e113d3251c3938b26ccd941a2e",
    "/assets/js/ace/mode-ruby.js": "2ee174e1e73ae9d91a70b98b87a7079d82e97d4a",
    "/assets/js/ace/mode-rust.js": "e8a927df75900332a0155090cb0459c7578cc032",
    "/assets/js/ace/mode-sass.js": "f581a2c9ff90e2b4f54ab72387eba0b189b9e432",
    "/assets/js/ace/mode-scad.js": "10bcbd602edfee2413205109b0b25dd40677977e",
    "/assets/js/ace/mode-scala.js": "c45207762662e5888ffe04f0772753089a5d0185",
    "/assets/js/ace/mode-scheme.js": "f45cfa00ea362c58adb16c54da3e8b536c1aa93c",
    "/assets/js/ace/mode-scss.js": "06fc72d282dd602bbc9a6f6d20c6ab50aa55c4b5",
    "/assets/js/ace/mode-sh.js": "a5047b1495b2e617ebdc1f1cf5c2a83f23f19f28",
    "/assets/js/ace/mode-sjs.js": "fe61c9cc4754c82e78de78284f91d485080e6905",
    "/assets/js/ace/mode-smarty.js": "4b1e0f9865016cdb57c672a42a282d7673533c23",
    "/assets/js/ace/mode-snippets.js": "467b9b1e61dacbaf6b5c7cd90c5d6b86e1973c29",
    "/assets/js/ace/mode-soy_template.js": "b475070fe9b5a68cd7b84e2e5a9eeb12bc1c4f8d",
    "/assets/js/ace/mode-space.js": "887260ca7bb36eeaa73ed3430ee905ed2726eef7",
    "/assets/js/ace/mode-sparql.js": "d8b1e1753b9a267c240cccb0899b7440cab63eb0",
    "/assets/js/ace/mode-sql.js": "3bc0dc6df6965e2d0fd34a56160f4797ca6922d2",
    "/assets/js/ace/mode-sqlserver.js": "d35b86aa91180386558b8666bb792abbe475d73f",
    "/assets/js/ace/mode-stylus.js": "d36652bcaea133d2dff0b90c398ad063365d8183",
    "/assets/js/ace/mode-svg.js": "f0da7002ba4390784d2dd0681a2a8f9b40414f3b",
    "/assets/js/ace/mode-swift.js": "d6b84f697cc86a3553aa1ce0696670ccc7afcbb4",
    "/assets/js/ace/mode-swig.js": "b3f9494c42a78934637db8823b5bd85d1f66617c",
    "/assets/js/ace/mode-tcl.js": "30ae010a264daa878e9bd549612b1d5b2528cc0a",
    "/assets/js/ace/mode-tex.js": "badc4435de5a6c262da86fa8f3a0db508f41895f",
    "/assets/js/ace/mode-text.js": "da39a3ee5e6b4b0d3255bfef95601890afd80709",
    "/assets/js/ace/mode-textile.js": "1e57b5d9418e80b442b6256c90803eb0314c9fba",
    "/assets/js/ace/mode-toml.js": "9feba38f641ae2136a847983493b11d8e9833790",
    "/assets/js/ace/mode-tsx.js": "8f949b0729ed41fedc508f7b83ebda13cc70037a",
    "/assets/js/ace/mode-turtle.js": "c3fad401d1181aa733f9b80280245290d2c02275",
    "/assets/js/ace/mode-twig.js": "d3411e076ac8a2b32fedbe478c48bb4f45b2b576",
    "/assets/js/ace/mode-typescript.js": "a33e81ce7c3c0ecb58c43f905f7b61d02635f9b4",
    "/assets/js/ace/mode-vala.js": "d2c7851785a6389dd63780fc08e9c716970a025e",
    "/assets/js/ace/mode-vbscript.js": "c00bc09982d543149da9c40ac9569ca39334cef4",
    "/assets/js/ace/mode-velocity.js": "08e5864ccc2947757edd3e62273a3dee0c203263",
    "/assets/js/ace/mode-verilog.js": "c8424967ef2ae8395740b70720d87b0255f662e8",
    "/assets/js/ace/mode-vhdl.js": "f5943dbf7b8e41968d9e9371aff37a8067f4c805",
    "/assets/js/ace/mode-wollok.js": "d167d16a79689122eeff1d6dfa190cb15eac1242",
    "/assets/js/ace/mode-xml.js": "dccb00d1db746e317465d74541d8c6ffb7efe1eb",
    "/assets/js/ace/mode-xquery.js": "3d4f26723c5f081f1c2084b1f437beff537b7cbc",
    "/assets/js/ace/mode-yaml.js": "7880673d135ab4fa51fb17c0eb489e78c206a0f0",
    "/assets/js/ace/snippets/abap.js": "db106c4d7fd08411bfc513ce6e68addf02783003",
    "/assets/js/ace/snippets/abc.js": "99b9c0ec239888e2ecaf48b70b6619291887580c",
    "/assets/js/ace/snippets/actionscript.js": "f8a5924be7097596a1563ec6b61405c89f1685d8",
    "/assets/js/ace/snippets/ada.js": "82f94598037d30e5108674b58cf7e25aa51f6c44",
    "/assets/js/ace/snippets/apache_conf.js": "554ab817593608d838e5dd632e9278e7f5f481ab",
    "/assets/js/ace/snippets/applescript.js": "ad768c76039869fd910bc811cc0c3ea52213fff8",
    "/assets/js/ace/snippets/asciidoc.js": "bdf041e175acb74b57ba2e7a1ee98730c97e15d6",
    "/assets/js/ace/snippets/assembly_x86.js": "c7070881396ea31407fcb827da8683da08137516",
    "/assets/js/ace/snippets/autohotkey.js": "127013782d2d6eaf7cacaef4bbd4dd56e42b98cb",
    "/assets/js/ace/snippets/batchfile.js": "8fe240335048240a26faea75a02a301403454fec",
    "/assets/js/ace/snippets/bro.js": "3c9f8aa40fb431ed0402e86e7687c297725169c8",
    "/assets/js/ace/snippets/c9search.js": "1c09c2495e151632e0c776eedfa452ff103ba96e",
    "/assets/js/ace/snippets/c_cpp.js": "e406ef9d717812736ecd35fad09802a4e57a55fd",
    "/assets/js/ace/snippets/cirru.js": "549e716391e53a89ffc069ca036026ff85f964a2",
    "/assets/js/ace/snippets/clojure.js": "e60dcfbe66619ec4975891a7ffb1f18ecde5f5db",
    "/assets/js/ace/snippets/cobol.js": "9072f19f826b06f1be4104f5522f838b8ce348fc",
    "/assets/js/ace/snippets/coffee.js": "b95e5c6ba44d849ba8c50b6a7bb5e7776a1add5f",
    "/assets/js/ace/snippets/coldfusion.js": "1a2b1dd6c80801820538f10a86a9d054d3c5ba8d",
    "/assets/js/ace/snippets/csharp.js": "bcb3967604c498ef1cfc77373623f68d5a2efc00",
    "/assets/js/ace/snippets/css.js": "d715e22a4d37dcf0de2a3a18276a62e1e83be06e",
    "/assets/js/ace/snippets/curly.js": "75e29724af64f6250ff77f81570d1a2fa94c1c1d",
    "/assets/js/ace/snippets/d.js": "ae8bdab4200a4b1571acdd813e44c0d5260102b6",
    "/assets/js/ace/snippets/dart.js": "aedfa9b20486ff00c08d904d4d6f2e83d1fc438f",
    "/assets/js/ace/snippets/diff.js": "9ca39450f6e68d63037d9cb8f519595f266f4ca2",
    "/assets/js/ace/snippets/django.js": "5128c1b8071a8f50d635bf3087a881c283c6deb2",
    "/assets/js/ace/snippets/dockerfile.js": "fbd57b9147008ec29ff24e65bf7b90151f7ec3d7",
    "/assets/js/ace/snippets/dot.js": "c50832ddd6c7e8e22f8d546a11a71c6a4029af53",
    "/assets/js/ace/snippets/drools.js": "c1ae5d8a1eb7fdf396e971d74242f62dd346d556",
    "/assets/js/ace/snippets/eiffel.js": "3d2ab05f044fdbeeb218f466cfa518be443a7515",
    "/assets/js/ace/snippets/ejs.js": "c787d189d4bb9201c4f43a96a1efd7263e1e2370",
    "/assets/js/ace/snippets/elixir.js": "cd9c865fd33796f88f9a7ea68450a5933031c77f",
    "/assets/js/ace/snippets/elm.js": "f0f4c3704a966c5f2bc4b2c267fb36a1d734c045",
    "/assets/js/ace/snippets/erlang.js": "de42174bffc159c396a5e3417b7669109db74963",
    "/assets/js/ace/snippets/forth.js": "d712c0c10db327f3199383b57ceaf848004bc73e",
    "/assets/js/ace/snippets/fortran.js": "a83e6977c33fa3b5d861bcd2fef41c31e8b2c640",
    "/assets/js/ace/snippets/ftl.js": "8baa07df434bcd0ff15f4a488f119bfe9ea574f1",
    "/assets/js/ace/snippets/gcode.js": "7e0564b8b9bb799fdd095ac42be15c9490c56fc9",
    "/assets/js/ace/snippets/gherkin.js": "24311f54c98103746d364f7eed886ce15c2a92f8",
    "/assets/js/ace/snippets/gitignore.js": "359315e6d154ce0ab826a77d3d54093774eecd06",
    "/assets/js/ace/snippets/glsl.js": "be48e49aadba299cbb1e8e98414080628f680844",
    "/assets/js/ace/snippets/gobstones.js": "ca1b4353a64bd9100eb428a552c78c332ee1a411",
    "/assets/js/ace/snippets/golang.js": "df4970fd5930d06967c14f8f0e0d9311bb2e4473",
    "/assets/js/ace/snippets/graphqlschema.js": "34c268083e39abd5a2f848914d34c0ae6dd0d681",
    "/assets/js/ace/snippets/groovy.js": "c414db07ee81b5b9a9b4e38546db6944c6c10b75",
    "/assets/js/ace/snippets/haml.js": "3aea8fceaa6fec7a3dab4ab948926c15cee228c7",
    "/assets/js/ace/snippets/handlebars.js": "94ae4cecb192c0cc894b7ae95005370da274b496",
    "/assets/js/ace/snippets/haskell.js": "1775acb8fa51c13ffab9e2e7ecef238319a3dfe6",
    "/assets/js/ace/snippets/haskell_cabal.js": "38d73400fe638eb9466ffd2764b34f46b878561e",
    "/assets/js/ace/snippets/haxe.js": "09b289341879527a36baf9f3dc3b6054f50ffb09",
    "/assets/js/ace/snippets/hjson.js": "c090c1008d47346558b4305ebbe4c09053bab0c5",
    "/assets/js/ace/snippets/html.js": "f86000ed735b0f4f635e61750f0e0c0c9eaf0ef0",
    "/assets/js/ace/snippets/html_elixir.js": "89d39f7a3dade8ec69e77f61f398eeb64a2f6f0c",
    "/assets/js/ace/snippets/html_ruby.js": "53cec498faf637a029bb0624d0487b9eaee298f7",
    "/assets/js/ace/snippets/ini.js": "75d4735a6ca1042b30ee57d892901e1c78a7fd0c",
    "/assets/js/ace/snippets/io.js": "ef30643e3706d560d170080fbaf11cd112e1422b",
    "/assets/js/ace/snippets/jack.js": "7c4b6f5564ff7a5d8e096225e5a884749078ea04",
    "/assets/js/ace/snippets/jade.js": "f74abee974564438cac4f0fb5326fb5d8a22d4df",
    "/assets/js/ace/snippets/java.js": "f586a32c00037d324c04e7a6fef07acf9a5972a1",
    "/assets/js/ace/snippets/javascript.js": "6514b5481163aa12a95344b1ed316346dc2a9b61",
    "/assets/js/ace/snippets/json.js": "dd3fad9fe3cc565816523b5ca92c4cf5080ee8c6",
    "/assets/js/ace/snippets/jsoniq.js": "26f5d8d4a221b634b9f6c7770834201c1b67207f",
    "/assets/js/ace/snippets/jsp.js": "cf4edf0312d46b2e161e9631eebdcabdfe64ce1e",
    "/assets/js/ace/snippets/jsx.js": "5431b90105b23629996cda25d9ffbe73ed90f7c6",
    "/assets/js/ace/snippets/julia.js": "d6530d4a0e6881ad193b2e005a5ec2e655e73748",
    "/assets/js/ace/snippets/kotlin.js": "ffa336c902ea09bbf33e19a01f24767864fbd7b2",
    "/assets/js/ace/snippets/latex.js": "4b2e4917cb964ab5426d10b0ae50d05223f8f484",
    "/assets/js/ace/snippets/lean.js": "bcb2c0e832cfb6d5e483f7a8f9564c0575b2c1bb",
    "/assets/js/ace/snippets/less.js": "7bd41bfd5e1419374089e93e242d8c00ffdf17c4",
    "/assets/js/ace/snippets/liquid.js": "db05ea94804d3c857b8d032464000e8448b1e540",
    "/assets/js/ace/snippets/lisp.js": "2d800cd55ede56699701f88d1838588b52b47e65",
    "/assets/js/ace/snippets/live_script.js": "8508b7be1aa375631235812900947240af59bba0",
    "/assets/js/ace/snippets/livescript.js": "6f5f2d728a52f4c3015f4dcb1b1213cb3c6e6105",
    "/assets/js/ace/snippets/logiql.js": "c52d139235b4ee8f39a04810295a0b71613bd676",
    "/assets/js/ace/snippets/lsl.js": "7a149734b78f1249e042e5c2b7a43efeb291c1d3",
    "/assets/js/ace/snippets/lua.js": "4269cce6cb7203d2b5adfdab291f57e8472be795",
    "/assets/js/ace/snippets/luapage.js": "ed6d47a2d1b43721b2f0d2feea6f88b8af24fe0a",
    "/assets/js/ace/snippets/lucene.js": "4ce63d3a82faf2450808f94c24938b8d82c90b86",
    "/assets/js/ace/snippets/makefile.js": "5fd5b4f770798b51700c0bd2928e9100172f1423",
    "/assets/js/ace/snippets/markdown.js": "33fc15b98fb1248a6f82d1ac264c7a7710bb7176",
    "/assets/js/ace/snippets/mask.js": "eb03eddf1e8f15efb01de9538a6ca17349909f45",
    "/assets/js/ace/snippets/matlab.js": "cfe92b9883dd46a7d5fa48c06e904cd745f2ae0b",
    "/assets/js/ace/snippets/maze.js": "2f61e927543e33d4ff87b999701f2fa7614f3f0d",
    "/assets/js/ace/snippets/mel.js": "dbf27debb6888f5dbaa0777b11bd518bccceb97e",
    "/assets/js/ace/snippets/mips_assembler.js": "4db15a1fa3bdb9a7bd72c8fc8b7fa4f27b51e058",
    "/assets/js/ace/snippets/mipsassembler.js": "6e7b2379b4dc38933b0158112adbd38917b7c31a",
    "/assets/js/ace/snippets/mushcode.js": "2644fbea900da8d21997935dda240551de41cb9b",
    "/assets/js/ace/snippets/mysql.js": "323e9ab78aeea36bcfb504602992f469e2609b92",
    "/assets/js/ace/snippets/nix.js": "a9f94fe92385e0cade9721d7000e0429dd4a4ff2",
    "/assets/js/ace/snippets/nsis.js": "ae47f6f4346e68c1c25fa0d14c90e1465657f0e2",
    "/assets/js/ace/snippets/objectivec.js": "1910a58f46611f942d1bed14d8b69b2a270b1d20",
    "/assets/js/ace/snippets/ocaml.js": "5b9611feae23559b801f21b89bbeb7b2cd6019bb",
    "/assets/js/ace/snippets/pascal.js": "decf88d06c15177fbbd808a27b7ddfaf59c0c789",
    "/assets/js/ace/snippets/perl.js": "8b14d18401741fadea9b6f6c2a08078a4844ea8d",
    "/assets/js/ace/snippets/pgsql.js": "3029a8e13adfc1d07a677325a08b3e89034a25e0",
    "/assets/js/ace/snippets/php.js": "a9fdbcde956e306b834bba9059c1179717f2a0bf",
    "/assets/js/ace/snippets/pig.js": "854c27d8e982dab745a8507019ead151f07859c5",
    "/assets/js/ace/snippets/plain_text.js": "fbfec87b52be18fad7b850890a00def333e32011",
    "/assets/js/ace/snippets/powershell.js": "9bb8ab265b0c0a10fdbde4b582b42a3509f5a923",
    "/assets/js/ace/snippets/praat.js": "cd9dbfe519b61868a289c9d46842b49e568f7f17",
    "/assets/js/ace/snippets/prolog.js": "350234e701f0920c324c108536a8b8be5fa0c470",
    "/assets/js/ace/snippets/properties.js": "0c178eb132810f3e5cafea3735201d00b17c58ed",
    "/assets/js/ace/snippets/protobuf.js": "ddb3eea2bdbd232a2b4979c298ed4931b920aa71",
    "/assets/js/ace/snippets/python.js": "7e0354ab9791e983eb9729195d7a0404ac0ad4d1",
    "/assets/js/ace/snippets/r.js": "80364a802edf26a9a8c0b1f5eba3ce205965a3e9",
    "/assets/js/ace/snippets/razor.js": "f93503ad645614a245809613443b2e37bb3b42f1",
    "/assets/js/ace/snippets/rdoc.js": "a062c8bd73b1f42e09d3b40601704a215936785a",
    "/assets/js/ace/snippets/rhtml.js": "dbd25de43ac3cf07ae3b8eb9c16de975f1568e7e",
    "/assets/js/ace/snippets/rst.js": "8f19fcfc6d368bffedd69d2d4b441728ecfdcf99",
    "/assets/js/ace/snippets/ruby.js": "0abcde5ec52f60bd1a234db6b28ea5ef42636b7e",
    "/assets/js/ace/snippets/rust.js": "d520f30fc52c79bcacf125a798fd6c40bd1c986e",
    "/assets/js/ace/snippets/sass.js": "fe854312169d932ea383e961f82982ca3c569fe6",
    "/assets/js/ace/snippets/scad.js": "c09338412dd7be530411b74bb4ba1aa3170b59f4",
    "/assets/js/ace/snippets/scala.js": "b611224d3f6e53441a0a977d26e289fc14e97f51",
    "/assets/js/ace/snippets/scheme.js": "80d0c6c478443b425b80cb7b98d29023de9ba80c",
    "/assets/js/ace/snippets/scss.js": "32950430ba02c0e5cab9a2f3f6948adc47aa55d6",
    "/assets/js/ace/snippets/sh.js": "9f315d595adf41465c0099cd237b2ce4b5d561ed",
    "/assets/js/ace/snippets/sjs.js": "4f6a05c081c9fb3b64838cc323541fad6633517a",
    "/assets/js/ace/snippets/smarty.js": "30efcbc9bbecb7737e94831c7a652170ef692631",
    "/assets/js/ace/snippets/snippets.js": "20a3049ae6d420604ae0cd9cb485170d729569c5",
    "/assets/js/ace/snippets/soy_template.js": "9d4a6cf2f2ab9c97851404be5b15f60b2ceefc9c",
    "/assets/js/ace/snippets/space.js": "3bfd189a4a33aeef635e5c4df247046e0ce3af7c",
    "/assets/js/ace/snippets/sparql.js": "3e1d07c45e088626d4618943e6399518ee187b97",
    "/assets/js/ace/snippets/sql.js": "52697dd6016eee0a8befec365898cf5760654812",
    "/assets/js/ace/snippets/sqlserver.js": "cf1267d0727e0cbeae34247073e191e9f112cc85",
    "/assets/js/ace/snippets/stylus.js": "ccbc1f14603091d01baece00f505b2036e433def",
    "/assets/js/ace/snippets/svg.js": "c99515dcbca37b5e4e180ba9328a7ab699c10d64",
    "/assets/js/ace/snippets/swift.js": "f1035270021c960a5d1c77a090568a211308fd44",
    "/assets/js/ace/snippets/swig.js": "9e4e1e0c690d5541de86ed726912e2bd8758917b",
    "/assets/js/ace/snippets/tcl.js": "6ef5bd5cf7cc191e22abc86f43da5d3436eaf28d",
    "/assets/js/ace/snippets/tex.js": "80a8feadf616081ec0fe1c160f1b133e60bdad93",
    "/assets/js/ace/snippets/text.js": "021152dbbb61496ef52b9a08cdf17bf165ef014e",
    "/assets/js/ace/snippets/textile.js": "324028eed296cf088cc6eaaa5fdfbf6af59e9e25",
    "/assets/js/ace/snippets/toml.js": "42692ce50a62da499bedb6f9d6232cd51b0735fb",
    "/assets/js/ace/snippets/tsx.js": "3e6a6f3f374975e640613535bcb7f60c195b836e",
    "/assets/js/ace/snippets/turtle.js": "369fef070cde3fb7f3848f7ce38bcb5e8931f41d",
    "/assets/js/ace/snippets/twig.js": "618fe49ff9d2659c417a645c2f13a3f289e3f98a",
    "/assets/js/ace/snippets/typescript.js": "55b37dcf7aea8465dc2c0e008cc87c5158fdd2fd",
    "/assets/js/ace/snippets/vala.js": "e4304cbc07a8d52d63feda28bff6dd974e91b9df",
    "/assets/js/ace/snippets/vbscript.js": "b22a472c0e2eee3d1ab4fb0114543215b8fb819d",
    "/assets/js/ace/snippets/velocity.js": "ea604d9100845ba03311b310b371605cc1df6688",
    "/assets/js/ace/snippets/verilog.js": "af15d0c5ebcdc523428c189045f043a72f563833",
    "/assets/js/ace/snippets/vhdl.js": "e05898ea75826242c63d066caf3af2b6cb7e1c58",
    "/assets/js/ace/snippets/wollok.js": "6fe6aeb63769ac6d57e9997bab6b687fc839b425",
    "/assets/js/ace/snippets/xml.js": "41e612971f3dac452e3f02de3ba36aa400c74e1c",
    "/assets/js/ace/snippets/xquery.js": "b40a02be771732a49b920f8cd47b11ede0ec905e",
    "/assets/js/ace/snippets/yaml.js": "2b1281dc8b7283ef98ccbe1a08ac0a1a248e6156",
    "/assets/js/ace/theme-ambiance.js": "4f7c8558eeedc4084750ec288f5af31d68ca7c05",
    "/assets/js/ace/theme-chaos.js": "f00dffca8d542751fe029f64edd7b02d9fa66a5b",
    "/assets/js/ace/theme-chrome.js": "d72bfa0598fb57218276d9fb28eea8a858c631c7",
    "/assets/js/ace/theme-clouds.js": "1c9af1ff052ff6497bca8489950b310c0765b469",
    "/assets/js/ace/theme-clouds_midnight.js": "f1ff37a7102cb4cf58b31c6746baeee1c299930c",
    "/assets/js/ace/theme-cobalt.js": "0de871ae08b377fb62a195987f5d8518e2ffa106",
    "/assets/js/ace/theme-crimson_editor.js": "1197eea913aab5e695650daa23d7852bc89e9249",
    "/assets/js/ace/theme-dawn.js": "151111ebd64ea1e0876b34833462fcdec2545f2c",
    "/assets/js/ace/theme-dreamweaver.js": "53f197f8a98ba797d03b085d7c1bf9e9b0b7c92e",
    "/assets/js/ace/theme-eclipse.js": "b424084d3e5a7bbbf268de61bf1699d5ca255dc0",
    "/assets/js/ace/theme-github.js": "036daff2449b98023cb2583d6b66f721b41337f0",
    "/assets/js/ace/theme-gob.js": "ade6b3ff9e7dd14013722a883a26d4d36f77f2cf",
    "/assets/js/ace/theme-gruvbox.js": "f8013b489a6fc3856a419be6e479d48ea31382f7",
    "/assets/js/ace/theme-idle_fingers.js": "573bc050c9372cf12b3a1a39b2bb91a0c18706f6",
    "/assets/js/ace/theme-iplastic.js": "873e339cdb1275f72076b4de89633bcfd7cacb6c",
    "/assets/js/ace/theme-katzenmilch.js": "bdf38e1827852dbfc54dcc34cfbf751c0bbcf5c5",
    "/assets/js/ace/theme-kr_theme.js": "3c650975254360e80be95ba3187a2068d1d4d4f2",
    "/assets/js/ace/theme-kuroir.js": "0fe3f306415be87cf2e556dec45ab4a6e06289de",
    "/assets/js/ace/theme-merbivore.js": "800b5ff6dbcc9704091f75120b45e62e53106ef2",
    "/assets/js/ace/theme-merbivore_soft.js": "be56ce1e73995562c078857cd98e15942380515e",
    "/assets/js/ace/theme-mono_industrial.js": "f7f5e3a80912ecc4cd6448586a577a0b21965fa1",
    "/assets/js/ace/theme-monokai.js": "9afb19ae907a5fd5e8771b000463de7e50d5b240",
    "/assets/js/ace/theme-pastel_on_dark.js": "17a167071acb4773cb7745b5fad899831f6beb52",
    "/assets/js/ace/theme-solarized_dark.js": "17294b5af4f2314f56641c22bf56a94a64cb52e6",
    "/assets/js/ace/theme-solarized_light.js": "8972d9a9866eb33f2a0f0c88f533e818102d92dc",
    "/assets/js/ace/theme-sqlserver.js": "c88187c5530600149cef3eff066f06b783fd156f",
    "/assets/js/ace/theme-terminal.js": "1cda9603d1d618a94765805df1558aad559eab00",
    "/assets/js/ace/theme-textmate.js": "d3bc7e8b36ce46eea260d7ff748da5330cbe648f",
    "/assets/js/ace/theme-tomorrow.js": "5030ea3bc84f66bb8b0aa0ca4d8af27e574346ff",
    "/assets/js/ace/theme-tomorrow_night.js": "27b973c5ff833122ca939a0386766f28d7f8fdc0",
    "/assets/js/ace/theme-tomorrow_night_blue.js": "cb012ab5cdb67214f1543b01d0e01f810ec3f859",
    "/assets/js/ace/theme-tomorrow_night_bright.js": "e0819b1aa58381eea5d9a9703e070e049382f002",
    "/assets/js/ace/theme-tomorrow_night_eighties.js": "48b6843459e422601bbcab77ce36b86bd3fa1e15",
    "/assets/js/ace/theme-twilight.js": "3f53f164cfd2053c085818c2a6ba314b36a0e1e6",
    "/assets/js/ace/theme-vibrant_ink.js": "1f3cf62841a2333e522c87c6b1f6d2d382e08039",
    "/assets/js/ace/theme-xcode.js": "4a748327e752eb4487a430f119dccfbb6ac710aa",
    "/assets/js/ace/worker-coffee.js": "e992ba37f0085116dd42de12a86b46bec83022a9",
    "/assets/js/ace/worker-css.js": "a2787e3851586c42597e367283d770b21bc57267",
    "/assets/js/ace/worker-html.js": "745298428333f9a9de07598cd9e165447fe2e171",
    "/assets/js/ace/worker-javascript.js": "2cbb9b5644a6402eeb9953022b434da1cd421287",
    "/assets/js/ace/worker-json.js": "7f683121e1bae8e2bd14ccbfe1f14a6bf6c77b5c",
    "/assets/js/ace/worker-lua.js": "3fe98038f097c7ddfedb576b616bc4913a080b37",
    "/assets/js/ace/worker-php.js": "4aa328489efa5b9b520a49f4d5cfc46fbece8b94",
    "/assets/js/ace/worker-xml.js": "b42a14edd978a08a92d11ab0ad18bb3bf495bd2e",
    "/assets/js/ace/worker-xquery.js": "ffc3a03e7bdcc92a95d421f235dbe8e82abea66e",
    "/assets/js/tinymce/license.txt": "0ca61022fd17d365f122ff90132ee1320b7f2ac8",
    "/assets/js/tinymce/plugins/codesample/css/prism.css": "580fad3b3be2042e81ea93c7c5a3309b0d07fd88",
    "/assets/js/tinymce/plugins/visualblocks/css/visualblocks.css": "2be66943c64425c60bf9628bce269d8a33c62000",
    "/assets/js/tinymce/skins/lightgray/content.inline.min.css": "fb3942adc784d4aceac17f4b3ca15913d9dab17d",
    "/assets/js/tinymce/skins/lightgray/content.min.css": "0697dcc2d2990f33b9be1d25f8f866765a88309b",
    "/assets/js/tinymce/skins/lightgray/fonts/tinymce-small.eot": "9092371fe1487289f1f5244637bace4de1bceed1",
    "/assets/js/tinymce/skins/lightgray/fonts/tinymce-small.svg": "8104b7171bd50e7e0a61ac4825c34d87a09622a8",
    "/assets/js/tinymce/skins/lightgray/fonts/tinymce-small.ttf": "65ad98649eb5051746bb48c60529cabc927b67a2",
    "/assets/js/tinymce/skins/lightgray/fonts/tinymce-small.woff": "b35be779df340fe3336a5619165e965fb1b09970",
    "/assets/js/tinymce/skins/lightgray/fonts/tinymce.eot": "08084dedac98a6a46f1c1cdd6fd75fac8de9d026",
    "/assets/js/tinymce/skins/lightgray/fonts/tinymce.svg": "1f35829543ad6404c0c677c34c521ee01ff4459b",
    "/assets/js/tinymce/skins/lightgray/fonts/tinymce.ttf": "0cbd6e7b8d6088f2aa2bc45eb1a83a1075e764d4",
    "/assets/js/tinymce/skins/lightgray/fonts/tinymce.woff": "3b120d1161795c9a31f769cf567fb576354e95d8",
    "/assets/js/tinymce/skins/lightgray/img/anchor.gif": "94f8e44b364eb00e6f691f92dc069fd64b17fc61",
    "/assets/js/tinymce/skins/lightgray/img/loader.gif": "5640ea4d0eba1c390f587ec69463c9a5196b7fa2",
    "/assets/js/tinymce/skins/lightgray/img/object.gif": "b523c9f648e2ae1c4ba7bde7739203bc6997755f",
    "/assets/js/tinymce/skins/lightgray/img/trans.gif": "67a69b5842050a142e050eb3b08a59e03e7fa71b",
    "/assets/js/tinymce/skins/lightgray/skin.min.css": "dcccc0ccad5a4cdda5ea03f6e50f17cfb453d4b8",
    "/assets/js/tinymce/tinymce.min.js": "2449a49fd6db7c37e296b4e81d29b4d5202629e7",
    "/favicon.ico": "84161b857f5c547e3699ddfbffc6d8d737542e01",
    "/index.html": "c02cf6c25da4b6d67b105eb2a1bacf2e449e15c2",
    "/main.e14285423dc9f681cfe5.js": "0aed56bec01d1701173aef7d23df3c9c2293d25d",
    "/polyfills.ed702c16ba28f9f1c20a.js": "73e15326890de2525b7a41840464874494f1c425",
    "/runtime.553be139d36f038ae106.js": "331e0d0644ebd8a4be1c5dd69785c94b34edd76a",
    "/styles.ab5b618ec8ffc5f3752c.css": "332681b9c10781eefee39480960023906475411d"
  },
  "navigationUrls": [
    {
      "positive": true,
      "regex": "^\\/.*$"
    },
    {
      "positive": false,
      "regex": "^\\/(?:.+\\/)?[^/]*\\.[^/]*$"
    },
    {
      "positive": false,
      "regex": "^\\/(?:.+\\/)?[^/]*__[^/]*$"
    },
    {
      "positive": false,
      "regex": "^\\/(?:.+\\/)?[^/]*__[^/]*\\/.*$"
    }
  ]
}